concurso,data,d1,d2,d3,d4,d5,d6,ordem_sorteio
1,1996-03-11,4,5,30,33,41,52,41 05 04 52 30 33
2,1996-03-18,9,37,39,41,43,49,09 39 37 49 43 41
3,1996-03-25,10,11,29,30,36,47,36 30 10 11 29 47
4,1996-04-01,1,5,6,27,42,59,06 59 42 27 01 05
5,1996-04-08,1,2,6,16,19,46,01 19 46 06 16 02
6,1996-04-15,7,13,19,22,40,47,19 40 07 13 22 47
7,1996-04-22,3,5,20,21,38,56,56 38 21 20 03 05
8,1996-04-29,4,17,37,38,47,53,53 17 38 04 47 37
9,1996-05-06,8,43,54,55,56,60,55 43 56 54 08 60
10,1996-05-13,4,18,21,25,38,57,25 04 18 57 21 38
11,1996-05-20,15,25,37,38,58,59,25 15 58 37 59 38
12,1996-05-27,4,16,19,20,27,43,20 27 43 16 19 04
13,1996-06-03,18,32,47,50,54,56,47 32 50 54 18 56
14,1996-06-10,2,16,23,27,47,53,16 02 27 47 23 53
15,1996-06-17,12,33,35,51,52,60,60 12 33 52 35 51
16,1996-06-24,20,32,34,49,58,60,60 58 49 32 20 34
17,1996-07-01,6,10,13,19,20,51,10 20 06 19 51 13
18,1996-07-08,23,27,36,37,42,56,37 36 56 27 42 23
19,1996-07-15,5,10,12,24,25,60,05 25 12 10 60 24
20,1996-07-22,11,25,28,30,33,51,25 28 30 33 51 11
21,1996-07-29,6,33,36,46,49,53,49 46 06 53 33 36
22,1996-08-05,1,9,31,38,46,56,09 38 56 01 31 46
23,1996-08-12,17,37,39,51,52,59,17 52 51 59 39 37
24,1996-08-19,1,8,14,28,33,43,01 08 14 28 33 43
25,1996-08-25,24,43,50,54,55,56,56 50 55 54 24 43
26,1996-09-01,10,22,50,53,57,58,50 53 57 10 58 22
27,1996-09-08,13,17,20,33,44,51,44 33 13 51 17 20
28,1996-09-15,3,6,22,24,54,60,60 06 22 03 24 54
29,1996-09-22,3,8,14,43,56,58,14 56 58 08 43 03
30,1996-09-29,7,14,15,29,38,50,38 50 07 29 15 14
31,1996-10-06,17,19,28,45,48,56,56 19 28 48 17 45
32,1996-10-13,5,14,33,36,43,44,43 33 14 36 05 44
33,1996-10-20,5,17,33,39,42,49,05 33 49 17 42 39
34,1996-10-27,13,15,17,40,53,57,15 13 57 53 40 17
35,1996-11-03,4,16,21,23,54,57,21 57 16 23 54 04
36,1996-11-10,3,13,17,25,29,51,13 03 51 17 29 25
37,1996-11-17,6,7,22,38,52,60,22 06 07 52 38 60
38,1996-11-24,10,42,43,45,54,55,55 42 10 43 45 54
39,1996-12-01,12,16,37,45,52,56,16 37 45 52 56 12
40,1996-12-08,3,5,8,12,46,47,03 12 46 05 47 08
41,1996-12-15,12,26,35,38,39,47,38 26 35 39 12 47
42,1996-12-22,7,11,19,24,33,36,24 36 19 33 07 11
43,1996-12-29,2,6,17,25,26,58,02 58 25 06 26 17
44,1997-01-05,14,18,29,38,44,47,47 38 18 14 29 44
45,1997-01-12,7,30,37,44,53,55,30 07 37 55 44 53
46,1997-01-19,1,23,24,32,46,60,32 46 01 60 24 23
47,1997-01-26,3,17,25,35,48,56,35 17 03 48 25 56
48,1997-02-02,2,5,28,34,47,50,47 05 34 28 02 50
49,1997-02-09,7,13,33,35,43,55,33 07 43 35 13 55
50,1997-02-16,6,16,21,44,57,58,57 44 21 16 58 06
51,1997-02-23,17,23,24,25,42,47,23 24 42 25 17 47
52,1997-03-02,15,30,38,46,58,59,58 15 59 30 38 46
53,1997-03-09,3,13,16,38,42,46,42 13 03 46 38 16
54,1997-03-16,5,9,18,21,36,56,05 21 09 56 18 36
55,1997-03-23,2,14,23,29,38,52,29 02 14 38 23 52
56,1997-03-30,2,7,20,35,51,59,51 35 59 07 20 02
57,1997-04-06,7,16,17,27,34,59,27 17 16 34 07 59
58,1997-04-13,12,27,30,37,44,49,30 49 27 37 12 44
59,1997-04-20,2,8,13,28,34,54,28 13 34 02 08 54
60,1997-04-27,3,14,15,20,21,38,38 14 21 15 03 20
61,1997-05-04,8,18,29,42,44,59,59 08 18 29 42 44
62,1997-05-11,6,8,13,24,31,52,52 13 06 24 08 31
63,1997-05-18,9,25,26,40,41,49,26 09 41 49 25 40
64,1997-05-25,8,12,23,50,54,60,08 54 50 60 23 12
65,1997-06-01,1,5,20,25,32,34,20 01 05 32 25 34
66,1997-06-08,12,13,15,26,33,48,15 26 12 33 48 13
67,1997-06-15,12,14,17,27,47,52,47 14 27 52 17 12
68,1997-06-22,1,3,12,13,53,59,53 13 03 01 12 59
69,1997-06-29,25,34,45,53,56,58,56 58 34 53 25 45
70,1997-07-06,17,23,27,40,43,58,40 17 23 43 27 58
71,1997-07-13,16,27,33,43,45,53,53 16 45 43 33 27
72,1997-07-20,1,19,34,43,44,48,19 48 43 01 34 44
73,1997-07-27,25,26,28,45,51,57,57 25 45 28 51 26
74,1997-08-03,2,24,34,37,38,50,02 24 34 50 38 37
75,1997-08-10,21,24,35,36,37,49,36 49 37 35 24 21
76,1997-08-17,8,17,18,23,33,53,33 18 23 08 17 53
77,1997-08-24,21,29,40,49,54,57,29 54 40 57 49 21
78,1997-08-31,12,22,25,31,32,46,22 32 46 12 25 31
79,1997-09-07,2,13,17,25,31,43,43 25 02 13 31 17
80,1997-09-14,23,28,37,40,48,51,51 40 37 23 48 28
81,1997-09-21,10,23,41,47,54,60,47 41 10 60 54 23
82,1997-09-28,15,18,29,36,51,53,51 36 53 29 18 15
83,1997-10-05,4,15,16,24,42,57,24 16 04 42 57 15
84,1997-10-12,4,6,10,25,34,40,10 34 04 06 25 40
85,1997-10-19,6,15,30,37,45,47,47 15 30 37 45 06
86,1997-10-26,6,21,22,34,36,54,54 21 06 34 36 22
87,1997-11-02,4,5,11,28,32,40,40 04 28 32 11 05
88,1997-11-09,4,18,29,37,43,45,45 37 29 04 43 18
89,1997-11-16,13,34,42,44,55,59,59 42 34 13 44 55
90,1997-11-23,9,21,26,40,52,54,21 26 40 54 09 52
91,1997-11-30,2,4,10,35,39,60,60 04 10 35 39 02
92,1997-12-07,1,3,5,23,24,51,05 23 51 03 01 24
93,1997-12-14,2,22,28,31,36,53,22 53 31 28 02 36
94,1997-12-21,8,18,28,51,52,55,28 51 55 18 52 08
95,1997-12-28,6,40,45,46,50,60,46 60 06 40 50 45
96,1998-01-04,4,7,26,40,42,58,04 42 58 26 07 40
97,1998-01-11,5,11,14,35,53,56,56 53 11 14 05 35
98,1998-01-18,13,14,31,33,35,43,43 33 14 31 35 13
99,1998-01-25,11,24,30,33,46,60,30 33 24 11 46 60
100,1998-02-01,14,29,30,46,48,51,46 48 30 14 29 51
101,1998-02-08,1,18,29,31,37,39,39 01 37 31 29 18
102,1998-02-15,19,20,37,42,44,56,44 42 37 56 19 20
103,1998-02-22,1,7,9,49,54,57,09 01 57 07 54 49
104,1998-03-01,1,4,13,21,38,52,13 01 38 21 52 04
105,1998-03-08,3,13,31,43,46,49,03 13 31 43 46 49
106,1998-03-15,5,16,24,35,38,39,24 16 38 05 39 35
107,1998-03-22,2,4,16,24,51,52,02 24 52 04 16 51
108,1998-03-29,21,24,29,34,59,60,60 29 34 24 21 59
109,1998-04-04,1,13,44,48,49,54,54 13 44 49 48 01
110,1998-04-11,18,31,43,52,57,58,57 58 18 31 43 52
111,1998-04-18,4,22,25,32,33,52,52 32 04 33 25 22
112,1998-04-25,12,20,34,37,42,43,37 43 34 20 12 42
113,1998-05-02,7,26,28,34,54,55,34 54 26 28 55 07
114,1998-05-09,6,12,18,37,47,54,47 54 18 06 12 37
115,1998-05-16,4,6,14,20,24,38,06 14 24 20 04 38
116,1998-05-23,5,13,32,36,42,51,36 42 32 05 13 51
117,1998-05-30,20,25,27,33,42,53,53 42 27 20 33 25
118,1998-06-06,9,22,25,37,56,57,22 57 37 09 25 56
119,1998-06-13,1,21,36,38,47,50,47 21 01 50 36 38
120,1998-06-20,3,16,27,40,45,46,46 45 16 40 27 03
121,1998-06-27,2,29,41,44,53,55,53 41 44 02 29 55
122,1998-07-04,11,17,20,39,43,53,20 43 39 11 53 17
123,1998-07-11,13,14,16,26,32,42,13 42 16 32 14 26
124,1998-07-18,5,15,34,41,52,57,52 05 34 57 15 41
125,1998-07-25,25,41,47,53,56,59,56 47 25 59 53 41
126,1998-08-01,6,10,11,28,32,40,32 28 06 10 11 40
127,1998-08-08,21,29,50,51,54,59,59 21 51 54 29 50
128,1998-08-15,3,9,18,21,23,43,23 43 03 21 09 18
129,1998-08-22,1,9,10,32,46,54,46 54 10 09 01 32
130,1998-08-29,13,29,38,42,49,53,13 42 38 49 53 29
131,1998-09-05,4,9,17,27,30,44,30 09 17 27 04 44
132,1998-09-12,7,9,35,41,44,50,44 35 50 41 09 07
133,1998-09-19,5,6,19,34,39,57,19 57 06 39 34 05
134,1998-09-26,4,25,32,36,52,60,60 32 25 36 52 04
135,1998-10-03,21,22,35,40,53,59,35 40 21 59 53 22
136,1998-10-10,1,17,25,38,45,59,17 25 45 38 01 59
137,1998-10-17,15,16,19,22,26,49,26 15 16 22 19 49
138,1998-10-24,5,14,27,37,40,41,41 14 37 05 40 27
139,1998-10-31,3,13,26,27,41,42,26 27 13 42 41 03
140,1998-11-07,7,31,41,44,46,55,55 31 46 44 41 07
141,1998-11-14,10,13,22,41,42,58,10 22 42 13 41 58
142,1998-11-21,8,15,19,20,54,59,20 59 19 54 15 08
143,1998-11-28,6,18,20,40,50,53,40 18 06 20 50 53
144,1998-12-05,8,32,36,44,45,55,08 32 44 36 45 55
145,1998-12-12,15,16,31,41,43,51,43 15 41 51 16 31
146,1998-12-19,25,32,34,42,51,60,51 34 25 60 42 32
147,1998-12-24,6,16,23,24,28,38,24 06 38 23 28 16
148,1998-12-31,32,35,41,55,58,59,32 55 59 41 58 35
149,1999-01-09,7,11,20,28,45,48,11 45 48 07 28 20
150,1999-01-16,12,44,50,52,54,55,50 44 12 55 52 54
151,1999-01-23,3,16,20,43,52,56,03 43 16 56 52 20
152,1999-01-30,5,12,15,29,51,58,12 05 15 51 58 29
153,1999-02-06,2,30,31,42,45,47,47 02 31 42 45 30
154,1999-02-13,8,10,24,33,45,48,08 10 24 33 45 48
155,1999-02-20,12,30,32,35,43,44,12 32 44 43 35 30
156,1999-02-27,17,23,42,49,52,55,52 23 42 17 55 49
157,1999-03-06,4,13,17,21,41,44,17 13 04 44 41 21
158,1999-03-13,4,14,17,43,51,58,58 43 51 14 17 04
159,1999-03-20,9,11,16,35,50,58,16 09 50 58 11 35
160,1999-03-27,2,13,42,52,54,58,13 42 52 58 02 54
161,1999-04-03,6,25,30,37,39,41,25 37 30 39 06 41
162,1999-04-10,21,23,33,38,48,51,23 33 51 38 48 21
163,1999-04-17,8,27,36,41,53,56,41 56 27 36 53 08
164,1999-04-24,4,10,14,19,28,44,04 19 14 10 44 28
165,1999-05-01,10,19,23,35,39,56,39 56 19 23 10 35
166,1999-05-08,12,13,22,57,59,60,60 57 59 13 12 22
167,1999-05-15,1,11,28,33,38,48,01 38 48 28 11 33
168,1999-05-22,2,9,31,35,45,50,45 02 35 09 50 31
169,1999-05-29,1,13,21,37,51,52,52 51 37 13 21 01
170,1999-06-05,7,41,46,51,55,58,07 51 55 41 58 46
171,1999-06-12,4,27,40,43,46,54,54 27 04 43 40 46
172,1999-06-19,10,14,26,35,36,49,49 36 14 26 35 10
173,1999-06-26,17,28,29,42,49,50,29 28 49 17 42 50
174,1999-07-03,11,22,23,36,52,59,11 52 22 23 36 59
175,1999-07-10,1,10,13,20,42,50,10 20 13 01 42 50
176,1999-07-17,1,3,4,28,45,53,28 04 01 45 53 03
177,1999-07-24,22,35,38,39,41,59,35 22 39 41 59 38
178,1999-07-31,5,15,19,26,27,33,05 27 19 26 15 33
179,1999-08-07,5,6,23,26,27,53,06 53 05 26 27 23
180,1999-08-14,6,23,29,39,51,60,39 06 29 60 51 23
181,1999-08-21,1,27,33,35,51,55,33 01 55 35 51 27
182,1999-08-28,3,5,10,28,46,60,46 60 05 10 28 03
183,1999-09-04,2,7,11,16,40,44,16 11 07 40 44 02
184,1999-09-11,9,16,21,34,41,60,09 60 21 16 41 34
185,1999-09-18,17,22,43,46,55,59,59 17 22 46 43 55
186,1999-09-25,14,23,24,25,26,51,24 26 51 25 14 23
187,1999-10-02,6,36,41,44,48,58,06 44 58 41 36 48
188,1999-10-10,17,27,34,42,43,46,34 42 43 46 27 17
189,1999-10-16,4,15,31,38,41,53,41 53 38 04 31 15
190,1999-10-24,5,10,21,32,40,42,32 40 42 21 10 05
191,1999-10-31,1,3,5,23,41,58,58 05 41 03 01 23
192,1999-11-06,1,26,28,41,54,60,01 60 26 41 28 54
193,1999-11-13,4,11,12,19,43,49,12 04 11 49 43 19
194,1999-11-20,25,28,32,33,42,43,32 42 43 25 28 33
195,1999-11-27,3,9,17,32,37,44,17 03 44 37 09 32
196,1999-12-04,7,9,14,17,24,32,32 17 09 14 24 07
197,1999-12-11,5,12,15,19,29,52,19 52 29 15 12 05
198,1999-12-18,1,8,18,23,35,40,40 23 01 18 35 08
199,1999-12-24,10,16,37,50,52,57,52 37 57 16 10 50
200,1999-12-31,12,15,19,34,44,51,12 15 44 34 51 19
201,2000-01-08,5,20,22,30,35,55,55 22 05 30 35 20
202,2000-01-15,12,24,44,45,49,53,49 53 44 12 24 45
203,2000-01-22,11,19,29,44,47,55,11 55 44 19 29 47
204,2000-01-29,29,31,39,41,51,58,31 41 51 39 58 29
205,2000-02-05,26,32,40,43,46,54,26 32 54 43 46 40
206,2000-02-12,18,20,26,34,51,56,20 26 56 18 34 51
207,2000-02-19,3,7,19,24,53,55,19 07 03 55 24 53
208,2000-02-26,15,23,24,25,47,57,23 15 57 24 47 25
209,2000-03-04,13,21,26,32,41,52,13 52 32 41 21 26
210,2000-03-11,20,32,37,38,48,58,37 58 20 38 48 32
211,2000-03-18,10,20,33,40,45,50,10 20 40 45 50 33
212,2000-03-25,6,15,29,45,57,59,29 57 15 45 59 06
213,2000-04-01,3,9,23,30,32,35,03 30 09 35 23 32
214,2000-04-08,6,12,30,31,35,50,30 12 06 50 35 31
215,2000-04-15,7,28,37,46,53,58,07 58 28 53 37 46
216,2000-04-22,14,18,30,35,42,59,35 42 59 18 30 14
217,2000-04-29,3,27,32,45,49,51,27 32 03 51 49 45
218,2000-05-06,12,17,40,42,47,54,54 40 42 17 47 12
219,2000-05-13,23,26,28,36,42,49,26 23 49 28 42 36
220,2000-05-20,13,14,36,53,55,60,36 53 55 13 60 14
221,2000-05-27,13,27,43,50,54,58,54 13 58 43 50 27
222,2000-06-03,5,19,30,48,52,55,05 48 30 55 52 19
223,2000-06-10,2,6,22,24,28,58,28 24 22 02 58 06
224,2000-06-17,7,16,18,20,21,44,20 16 18 07 44 21
225,2000-06-24,2,4,16,21,37,58,21 16 04 37 02 58
226,2000-07-01,1,2,38,49,50,59,02 50 59 38 49 01
227,2000-07-08,11,26,27,37,42,48,37 26 27 42 11 48
228,2000-07-15,13,16,40,43,45,59,16 40 45 59 43 13
229,2000-07-22,11,13,21,33,39,45,39 45 11 21 33 13
230,2000-07-29,8,40,41,44,53,56,56 44 41 40 08 53
231,2000-08-05,16,27,36,42,44,59,16 59 27 42 44 36
232,2000-08-12,19,22,29,37,41,59,29 19 41 22 37 59
233,2000-08-19,3,7,24,32,36,45,45 03 24 36 07 32
234,2000-08-26,15,25,41,42,45,54,15 45 54 25 42 41
235,2000-09-02,2,22,29,31,41,55,29 41 55 02 31 22
236,2000-09-09,10,25,50,52,57,60,10 52 50 57 25 60
237,2000-09-16,7,31,36,45,56,57,36 07 45 31 56 57
238,2000-09-23,9,13,15,37,41,42,15 09 41 13 37 42
239,2000-09-30,6,21,33,44,46,47,33 21 44 46 47 06
240,2000-10-07,25,28,38,41,57,59,59 28 25 41 57 38
241,2000-10-14,11,31,35,40,56,57,11 57 40 35 56 31
242,2000-10-21,4,7,21,22,28,56,22 07 04 21 28 56
243,2000-10-28,11,16,20,23,32,47,20 47 23 32 16 11
244,2000-11-04,19,24,33,47,50,60,19 60 50 24 47 33
245,2000-11-11,8,27,44,51,53,60,44 51 27 53 08 60
246,2000-11-18,2,16,32,37,43,57,02 57 32 43 16 37
247,2000-11-25,3,10,23,30,34,46,34 03 30 10 23 46
248,2000-12-02,16,32,34,35,41,56,56 16 34 41 35 32
249,2000-12-09,21,36,40,49,54,55,21 55 54 40 36 49
250,2000-12-16,7,25,41,42,43,55,55 25 41 42 43 07
251,2000-12-23,15,23,30,34,49,55,34 15 23 55 49 30
252,2000-12-30,4,17,26,32,51,54,17 54 04 51 32 26
253,2001-01-06,11,12,24,37,44,56,12 11 56 44 24 37
254,2001-01-13,1,4,21,22,30,56,04 30 56 21 22 01
255,2001-01-20,16,19,20,32,44,55,32 44 55 19 20 16
256,2001-01-27,2,21,26,32,34,52,21 52 34 26 02 32
257,2001-02-03,1,4,5,19,28,34,28 05 01 34 04 19
258,2001-02-10,7,12,50,54,55,60,12 60 54 07 55 50
259,2001-02-17,13,15,20,33,43,58,20 43 33 13 15 58
260,2001-02-24,4,6,33,43,59,60,43 04 60 59 06 33
261,2001-03-03,5,16,20,30,54,56,05 54 20 56 30 16
262,2001-03-10,11,20,48,53,58,60,53 60 48 20 58 11
263,2001-03-17,8,9,26,43,50,53,08 50 26 09 53 43
264,2001-03-24,1,5,13,25,31,33,05 25 31 13 01 33
265,2001-03-31,7,16,34,41,50,53,07 50 53 16 41 34
266,2001-04-07,2,23,38,46,48,54,38 54 48 23 02 46
267,2001-04-14,1,8,45,46,55,58,58 01 45 55 08 46
268,2001-04-21,5,6,10,21,33,47,21 10 47 06 05 33
269,2001-04-28,17,18,19,25,49,52,19 18 52 25 17 49
270,2001-05-05,5,9,27,35,40,45,45 27 35 40 05 09
271,2001-05-12,14,24,26,29,31,54,14 31 54 29 26 24
272,2001-05-19,9,10,24,36,56,58,36 58 09 10 56 24
273,2001-05-26,10,17,23,27,47,52,47 52 10 27 23 17
274,2001-06-02,11,13,18,26,39,47,11 39 47 18 13 26
275,2001-06-09,16,19,30,37,38,48,16 30 19 38 48 37
276,2001-06-16,22,39,45,53,57,59,53 59 39 45 22 57
277,2001-06-23,4,26,38,40,52,56,40 26 38 04 56 52
278,2001-06-30,10,15,18,22,31,55,22 10 18 55 15 31
279,2001-07-07,4,23,31,47,58,59,31 59 04 58 23 47
280,2001-07-14,5,16,20,25,30,58,05 16 30 25 58 20
281,2001-07-21,5,11,31,38,47,53,11 05 47 31 53 38
282,2001-07-28,9,14,23,24,33,36,33 24 36 09 14 23
283,2001-08-01,25,28,34,42,48,54,48 34 28 54 25 42
284,2001-08-04,7,8,14,30,32,36,08 36 14 32 30 07
285,2001-08-08,12,32,37,41,50,56,50 56 41 12 32 37
286,2001-08-11,29,35,37,44,47,56,44 37 56 29 47 35
287,2001-08-15,3,13,25,33,47,60,60 47 03 33 25 13
288,2001-08-18,6,9,11,17,18,50,50 09 18 11 06 17
289,2001-08-22,6,7,20,25,30,36,36 06 30 20 07 25
290,2001-08-25,7,25,26,30,40,57,57 30 07 25 40 26
291,2001-08-29,5,16,17,18,22,41,22 16 05 41 18 17
292,2001-09-01,13,23,24,34,45,53,24 34 53 45 23 13
293,2001-09-05,5,6,7,12,28,35,06 12 35 05 28 07
294,2001-09-08,22,25,28,41,45,57,28 45 41 22 57 25
295,2001-09-12,7,12,24,31,44,50,24 44 07 31 12 50
296,2001-09-15,3,20,42,46,51,52,20 51 42 03 52 46
297,2001-09-19,1,20,28,33,36,41,20 28 41 01 33 36
298,2001-09-22,5,22,23,24,34,60,22 34 24 23 05 60
299,2001-09-26,2,5,7,33,49,53,07 05 02 53 33 49
300,2001-09-29,24,27,28,38,41,57,27 57 41 38 28 24
301,2001-10-03,9,26,48,49,57,58,58 26 49 57 48 09
302,2001-10-06,12,25,30,40,41,60,25 40 12 60 30 41
303,2001-10-10,7,13,17,30,37,47,07 13 30 37 47 17
304,2001-10-13,7,11,34,41,42,59,42 07 11 34 59 41
305,2001-10-17,5,11,27,38,53,60,11 05 27 60 38 53
306,2001-10-20,19,30,41,47,56,57,30 19 57 41 56 47
307,2001-10-24,13,16,17,26,41,44,26 17 13 41 16 44
308,2001-10-27,4,11,25,29,39,55,55 25 04 11 29 39
309,2001-10-31,4,11,25,39,50,55,39 50 25 55 11 04
310,2001-11-03,2,14,28,29,31,32,28 14 29 02 31 32
311,2001-11-07,22,24,30,32,38,41,32 22 24 41 30 38
312,2001-11-10,14,23,30,41,47,50,14 30 50 41 47 23
313,2001-11-14,14,16,24,37,38,53,14 38 53 24 16 37
314,2001-11-17,5,32,34,37,40,58,05 32 40 58 37 34
315,2001-11-21,12,21,22,28,43,50,50 21 43 12 28 22
316,2001-11-24,6,24,28,43,51,56,28 51 56 06 24 43
317,2001-11-28,16,20,27,30,35,48,27 20 48 16 30 35
318,2001-12-01,3,19,20,31,40,53,19 53 40 03 31 20
319,2001-12-05,12,16,17,19,23,48,12 16 23 17 19 48
320,2001-12-08,20,22,27,47,50,53,20 53 47 50 22 27
321,2001-12-12,4,11,31,32,48,49,11 31 32 48 49 04
322,2001-12-15,11,18,29,44,47,56,18 11 29 44 47 56
323,2001-12-19,26,31,33,40,49,54,31 49 54 33 26 40
324,2001-12-22,8,15,22,25,30,47,22 08 30 15 47 25
325,2001-12-29,1,3,4,21,23,53,04 23 03 01 21 53
326,2002-01-05,21,23,40,44,51,52,52 23 40 51 44 21
327,2002-01-09,29,32,33,38,46,48,46 38 29 33 32 48
328,2002-01-12,5,7,14,21,23,51,51 05 23 07 14 21
329,2002-01-16,10,11,12,24,35,40,24 11 40 12 35 10
330,2002-01-19,2,4,14,23,37,51,02 04 23 37 14 51
331,2002-01-23,1,13,20,27,35,37,27 01 35 20 37 13
332,2002-01-26,23,28,29,34,42,44,28 23 42 29 44 34
333,2002-01-30,4,27,35,44,52,53,35 27 53 44 52 04
334,2002-02-02,14,23,24,26,41,51,41 26 51 14 24 23
335,2002-02-06,7,23,33,43,57,59,43 33 57 23 59 07
336,2002-02-09,2,18,22,26,30,54,02 18 54 22 30 26
337,2002-02-16,4,14,16,31,52,54,31 52 14 54 16 04
338,2002-02-20,1,4,9,36,46,48,48 46 09 01 36 04
339,2002-02-23,5,12,13,16,27,50,13 16 12 05 27 50
340,2002-02-27,9,10,12,33,42,60,10 60 42 09 33 12
341,2002-03-02,5,16,22,23,43,56,56 23 22 43 16 05
342,2002-03-06,16,29,34,49,51,54,29 49 54 51 16 34
343,2002-03-09,4,6,7,12,24,41,04 06 07 24 12 41
344,2002-03-13,10,12,14,33,35,36,33 36 12 35 10 14
345,2002-03-16,11,22,46,51,56,58,56 11 58 46 51 22
346,2002-03-20,7,12,41,46,56,60,56 07 46 60 41 12
347,2002-03-23,1,10,12,26,48,52,26 10 52 01 12 48
348,2002-03-27,19,30,33,39,40,52,39 40 33 52 19 30
349,2002-03-30,8,9,28,32,38,54,09 38 32 08 54 28
350,2002-04-03,10,15,23,30,43,57,23 30 43 10 15 57
351,2002-04-06,15,16,24,41,59,60,15 16 59 60 24 41
352,2002-04-10,7,20,25,44,47,49,49 07 47 25 20 44
353,2002-04-13,19,23,30,46,55,60,60 46 30 55 23 19
354,2002-04-17,7,16,38,40,41,52,40 52 38 16 07 41
355,2002-04-20,2,14,22,23,37,60,02 37 22 60 14 23
356,2002-04-24,5,19,21,54,56,58,54 19 05 58 56 21
357,2002-04-27,2,30,32,35,45,53,45 53 32 02 30 35
358,2002-05-04,12,17,21,32,40,42,40 42 32 12 21 17
359,2002-05-08,13,19,20,29,31,54,31 54 20 29 13 19
360,2002-05-11,23,24,29,47,53,55,47 24 29 55 53 23
361,2002-05-15,16,28,31,41,45,59,41 28 45 31 16 59
362,2002-05-18,7,20,33,37,46,56,37 20 33 46 07 56
363,2002-05-22,19,29,39,47,49,54,39 54 29 49 47 19
364,2002-05-25,5,29,44,51,57,59,59 44 29 05 51 57
365,2002-05-29,19,23,34,37,52,58,52 19 34 37 58 23
366,2002-06-01,4,6,7,15,21,51,06 04 51 07 21 15
367,2002-06-05,10,12,27,33,49,52,52 49 27 33 12 10
368,2002-06-08,13,29,32,38,44,50,13 50 38 32 44 29
369,2002-06-12,1,14,21,35,42,60,21 42 01 60 35 14
370,2002-06-15,1,4,40,42,51,54,51 42 04 54 01 40
371,2002-06-19,4,18,23,33,39,60,23 33 39 04 60 18
372,2002-06-22,16,17,24,39,46,57,24 17 46 57 16 39
373,2002-06-26,1,5,10,24,31,33,31 33 24 10 05 01
374,2002-06-29,2,5,16,26,44,54,54 02 26 05 44 16
375,2002-07-03,1,5,9,42,51,58,51 09 42 05 58 01
376,2002-07-06,10,13,25,35,43,48,25 13 10 43 35 48
377,2002-07-10,3,12,19,27,45,46,46 19 03 45 12 27
378,2002-07-13,5,38,41,45,48,55,55 45 48 41 05 38
379,2002-07-17,24,33,40,41,55,59,41 55 24 59 33 40
380,2002-07-20,13,22,30,31,47,57,47 22 13 30 31 57
381,2002-07-24,9,10,28,46,55,56,09 56 46 28 10 55
382,2002-07-27,31,34,37,38,53,54,54 38 53 31 37 34
383,2002-07-31,14,22,48,50,53,56,48 22 53 56 50 14
384,2002-08-03,24,28,40,47,50,52,28 50 47 24 40 52
385,2002-08-07,5,12,16,18,22,24,22 12 24 18 05 16
386,2002-08-10,17,35,36,39,43,54,39 54 43 36 17 35
387,2002-08-14,22,28,29,43,47,48,29 28 48 47 43 22
388,2002-08-17,23,36,48,52,53,58,52 48 53 58 23 36
389,2002-08-21,5,14,18,43,46,54,46 14 54 18 43 05
390,2002-08-24,7,12,22,34,38,53,07 22 34 12 38 53
391,2002-08-28,4,7,15,16,35,40,07 15 35 16 40 04
392,2002-08-31,15,23,31,39,47,49,49 47 39 31 15 23
393,2002-09-04,6,12,35,36,40,50,12 50 36 06 35 40
394,2002-09-07,5,15,35,42,45,49,15 49 42 05 45 35
395,2002-09-11,10,11,14,20,31,58,11 58 31 14 10 20
396,2002-09-14,6,18,34,42,45,47,47 18 06 45 34 42
397,2002-09-18,1,2,5,24,32,46,32 24 02 05 01 46
398,2002-09-21,7,16,22,28,36,37,28 07 16 37 36 22
399,2002-09-25,11,16,27,47,55,59,59 55 16 27 47 11
400,2002-09-28,10,13,28,29,54,59,29 59 13 10 54 28
401,2002-10-02,11,18,43,44,50,53,50 18 44 53 11 43
402,2002-10-05,5,16,27,43,56,58,27 43 58 05 16 56
403,2002-10-09,7,16,27,31,46,60,46 31 07 16 60 27
404,2002-10-12,1,24,28,38,40,58,24 38 58 01 40 28
405,2002-10-16,24,29,34,47,57,60,57 60 34 24 29 47
406,2002-10-19,2,12,32,38,47,48,47 32 48 12 38 02
407,2002-10-23,2,18,22,49,51,57,49 02 18 51 22 57
408,2002-10-26,14,28,33,44,49,56,49 44 33 28 56 14
409,2002-10-30,18,25,26,31,34,49,26 49 25 18 31 34
410,2002-11-02,8,24,31,36,38,55,31 55 36 24 08 38
411,2002-11-06,10,12,31,38,45,56,10 56 12 31 45 38
412,2002-11-09,5,12,14,21,45,59,45 05 14 21 59 12
413,2002-11-13,2,4,29,33,35,53,35 53 29 33 02 04
414,2002-11-16,16,26,35,45,52,58,35 26 58 52 45 16
415,2002-11-20,1,4,27,38,42,44,38 44 04 01 27 42
416,2002-11-23,1,13,23,33,54,56,13 01 23 56 54 33
417,2002-11-27,7,12,21,25,34,42,25 07 12 21 42 34
418,2002-11-30,8,15,32,45,49,52,45 08 32 49 15 52
419,2002-12-04,9,16,41,42,52,53,41 42 52 53 16 09
420,2002-12-07,12,29,30,43,57,59,43 12 59 30 57 29
421,2002-12-11,5,35,37,38,45,51,38 45 35 37 05 51
422,2002-12-14,12,37,43,55,56,60,60 12 56 37 55 43
423,2002-12-18,8,22,32,33,40,53,08 22 33 40 32 53
424,2002-12-21,18,27,29,36,46,59,29 36 27 18 59 46
425,2002-12-28,6,10,16,34,42,47,06 16 10 34 47 42
426,2003-01-04,7,30,32,37,50,54,07 32 54 50 30 37
427,2003-01-08,3,13,14,24,43,51,51 13 43 24 03 14
428,2003-01-11,8,28,30,32,46,60,60 08 32 28 46 30
429,2003-01-15,17,26,32,36,43,55,55 32 17 36 26 43
430,2003-01-18,8,10,21,25,38,50,50 21 10 25 38 08
431,2003-01-22,26,37,40,47,52,58,58 26 40 37 47 52
432,2003-01-25,4,13,17,27,39,50,50 17 13 27 04 39
433,2003-01-29,16,17,28,30,36,54,36 17 28 16 54 30
434,2003-02-01,4,10,17,24,30,54,24 17 04 54 30 10
435,2003-02-05,10,11,17,31,37,43,37 11 17 31 43 10
436,2003-02-08,1,6,7,29,48,57,01 06 57 29 48 07
437,2003-02-12,7,10,30,44,54,59,54 10 59 44 30 07
438,2003-02-15,3,5,11,14,38,48,38 48 14 03 11 05
439,2003-02-19,13,20,29,42,43,57,42 13 20 29 43 57
440,2003-02-22,3,5,23,30,46,47,46 23 30 47 05 03
441,2003-02-26,2,10,15,21,58,59,02 15 58 10 59 21
442,2003-03-01,6,15,23,31,37,59,15 31 23 06 59 37
443,2003-03-08,11,17,26,36,48,52,11 36 17 26 52 48
444,2003-03-12,3,24,33,48,52,57,48 52 57 24 03 33
445,2003-03-15,7,20,31,32,50,53,31 50 07 53 32 20
446,2003-03-19,8,11,12,17,20,47,11 20 08 47 12 17
447,2003-03-22,15,24,25,33,42,55,24 55 15 33 25 42
448,2003-03-26,3,5,9,45,51,52,05 03 52 45 09 51
449,2003-03-29,1,8,24,34,49,56,34 56 24 01 49 08
450,2003-04-02,1,9,13,50,51,59,59 51 13 01 09 50
451,2003-04-05,17,18,23,28,31,53,23 18 31 17 53 28
452,2003-04-09,11,16,30,36,51,54,54 11 51 16 36 30
453,2003-04-12,8,20,23,34,52,58,58 52 08 34 20 23
454,2003-04-16,4,17,24,42,46,56,04 17 42 56 46 24
455,2003-04-19,2,14,15,17,50,59,50 15 17 02 14 59
456,2003-04-23,3,17,22,27,33,40,17 40 22 27 33 03
457,2003-04-26,15,17,24,27,32,48,48 15 24 27 17 32
458,2003-04-30,13,24,32,34,43,53,43 53 13 32 34 24
459,2003-05-03,8,15,17,39,43,49,43 17 08 15 49 39
460,2003-05-07,19,23,30,37,49,55,19 55 30 23 37 49
461,2003-05-10,15,17,20,29,30,60,30 17 20 29 15 60
462,2003-05-14,17,19,22,26,27,48,27 48 17 19 26 22
463,2003-05-17,2,3,7,18,45,53,07 18 02 45 03 53
464,2003-05-21,6,24,33,38,45,50,06 33 45 38 24 50
465,2003-05-24,1,22,31,46,51,57,46 31 01 57 22 51
466,2003-05-28,11,16,28,29,30,45,28 16 45 29 30 11
467,2003-05-31,8,18,21,22,38,60,38 21 08 22 18 60
468,2003-06-04,5,6,23,25,39,51,23 06 25 39 51 05
469,2003-06-07,13,21,26,29,42,47,29 47 42 21 13 26
470,2003-06-11,8,11,23,37,51,58,51 58 23 11 08 37
471,2003-06-14,5,31,32,36,51,59,51 59 31 05 36 32
472,2003-06-18,3,4,12,29,38,51,12 03 38 29 51 04
473,2003-06-21,7,23,41,49,51,58,51 07 58 49 23 41
474,2003-06-25,3,12,32,34,40,50,34 03 12 50 32 40
475,2003-06-28,6,8,19,22,43,52,19 06 43 52 08 22
476,2003-07-02,17,20,38,43,55,58,38 43 20 55 17 58
477,2003-07-05,6,8,18,34,38,47,47 34 08 06 18 38
478,2003-07-09,3,8,21,25,30,31,30 08 31 03 21 25
479,2003-07-12,20,26,41,46,54,58,20 54 58 26 41 46
480,2003-07-16,14,33,36,38,41,49,36 38 33 14 49 41
481,2003-07-19,6,13,22,24,42,44,42 06 24 44 22 13
482,2003-07-23,12,13,33,53,54,56,13 56 12 33 53 54
483,2003-07-26,16,18,23,35,44,59,16 23 35 18 44 59
484,2003-07-30,17,18,19,38,49,53,53 19 38 18 17 49
485,2003-08-02,19,28,30,38,52,57,38 28 52 30 19 57
486,2003-08-06,8,14,19,30,42,50,50 42 19 08 30 14
487,2003-08-09,8,22,25,48,52,54,25 22 48 52 54 08
488,2003-08-13,15,30,35,39,43,57,30 39 35 43 15 57
489,2003-08-16,17,28,33,36,53,59,28 36 17 53 33 59
490,2003-08-20,5,11,23,29,54,58,05 11 29 54 23 58
491,2003-08-23,1,9,15,22,43,55,22 43 15 55 09 01
492,2003-08-27,2,6,15,18,56,57,57 02 15 06 56 18
493,2003-08-30,3,18,20,24,42,54,54 20 03 18 42 24
494,2003-09-03,18,20,28,32,49,53,28 32 49 53 18 20
495,2003-09-06,8,15,29,36,49,60,36 15 60 08 29 49
496,2003-09-10,10,19,20,29,41,59,41 20 19 29 59 10
497,2003-09-13,9,13,20,32,41,58,09 41 32 13 58 20
498,2003-09-17,2,6,28,49,50,57,49 28 02 06 57 50
499,2003-09-20,1,4,5,11,44,59,59 01 11 05 44 04
500,2003-09-27,21,29,35,36,38,54,35 21 54 29 38 36
501,2003-10-01,16,27,28,34,39,56,34 27 56 28 16 39
502,2003-10-04,7,13,21,24,33,50,50 07 33 21 24 13
503,2003-10-08,7,10,21,27,48,49,10 21 48 27 49 07
504,2003-10-11,8,11,19,30,39,50,39 19 11 08 50 30
505,2003-10-15,3,20,28,46,47,52,47 20 52 03 46 28
506,2003-10-18,4,15,31,34,37,38,31 37 34 15 38 04
507,2003-10-22,3,5,27,33,44,58,44 58 05 27 33 03
508,2003-10-25,5,10,15,45,46,56,46 56 05 15 45 10
509,2003-10-29,28,32,33,34,35,55,32 55 34 35 28 33
510,2003-11-01,1,4,30,41,45,58,30 45 58 01 04 41
511,2003-11-05,3,4,8,34,36,37,08 36 34 37 03 04
512,2003-11-08,4,8,31,40,53,58,08 40 58 04 53 31
513,2003-11-12,10,19,27,33,39,46,46 10 27 19 33 39
514,2003-11-15,15,36,40,42,51,52,15 52 40 36 51 42
515,2003-11-19,15,16,39,45,48,57,39 16 57 15 45 48
516,2003-11-22,5,13,24,33,34,35,24 05 34 13 35 33
517,2003-11-26,7,8,28,32,38,51,51 32 08 28 38 07
518,2003-11-29,5,8,10,15,18,44,44 08 05 15 18 10
519,2003-12-03,9,15,19,22,36,42,09 36 15 19 42 22
520,2003-12-06,9,12,17,32,34,35,32 34 17 35 09 12
521,2003-12-10,15,25,28,32,38,45,28 32 38 25 15 45
522,2003-12-13,6,14,15,25,49,52,49 52 15 25 14 06
523,2003-12-17,28,39,40,44,45,58,45 58 40 39 28 44
524,2003-12-20,19,29,34,41,47,48,47 29 34 48 19 41
525,2003-12-27,8,10,24,26,32,49,26 32 24 49 08 10
526,2004-01-03,3,21,31,36,55,59,03 59 21 36 55 31
527,2004-01-07,6,14,17,26,50,52,17 14 50 52 06 26
528,2004-01-10,8,12,28,31,34,37,34 28 37 12 08 31
529,2004-01-14,1,13,33,38,45,56,56 45 13 33 38 01
530,2004-01-17,1,6,21,25,32,49,32 21 25 01 06 49
531,2004-01-21,1,3,7,18,35,50,03 01 35 07 18 50
532,2004-01-24,4,9,12,13,52,53,13 04 12 53 09 52
533,2004-01-28,13,18,21,27,53,59,27 18 13 59 21 53
534,2004-01-31,3,8,23,31,48,57,48 57 23 08 31 03
535,2004-02-04,6,14,28,47,49,56,49 14 47 56 06 28
536,2004-02-07,14,15,22,23,25,37,14 22 25 15 37 23
537,2004-02-11,3,7,19,34,37,39,37 03 19 34 39 07
538,2004-02-14,3,25,43,45,52,56,45 43 56 25 52 03
539,2004-02-18,6,16,19,47,50,55,16 50 55 06 47 19
540,2004-02-21,4,22,28,30,44,49,22 04 30 44 28 49
541,2004-02-28,13,27,49,52,57,58,58 57 27 13 49 52
542,2004-03-03,4,6,19,28,35,49,49 04 19 28 35 06
543,2004-03-06,35,37,42,46,49,54,35 54 37 42 49 46
544,2004-03-10,11,17,33,34,47,56,11 33 56 47 17 34
545,2004-03-13,17,29,35,40,43,57,43 35 57 29 40 17
546,2004-03-17,4,5,13,17,46,54,46 04 54 17 13 05
547,2004-03-20,4,13,28,30,53,59,04 59 13 53 28 30
548,2004-03-24,14,47,49,51,58,59,51 49 14 47 59 58
549,2004-03-27,8,13,22,46,51,58,13 51 58 22 46 08
550,2004-03-31,16,17,38,39,45,56,17 56 16 38 39 45
551,2004-04-03,12,21,46,48,56,57,56 48 57 21 12 46
552,2004-04-07,9,22,47,49,52,54,22 54 52 47 49 09
553,2004-04-10,4,43,46,53,54,58,43 46 58 53 54 04
554,2004-04-14,15,29,31,42,47,60,47 29 31 15 60 42
555,2004-04-17,5,23,31,33,45,49,49 05 23 33 45 31
556,2004-04-21,8,10,17,30,33,45,08 45 30 33 17 10
557,2004-04-24,8,12,18,23,38,49,18 49 38 23 08 12
558,2004-04-28,7,14,31,57,58,59,59 57 07 58 31 14
559,2004-05-01,6,13,17,25,36,53,53 25 36 13 17 06
560,2004-05-05,2,11,18,30,32,58,32 18 11 30 02 58
561,2004-05-08,1,20,36,39,49,55,39 49 36 20 55 01
562,2004-05-12,16,23,35,37,55,57,37 35 23 16 57 55
563,2004-05-15,5,8,23,34,44,51,34 08 23 44 51 05
564,2004-05-19,10,13,20,32,38,49,38 13 32 20 10 49
565,2004-05-22,7,31,34,35,37,45,31 37 35 07 45 34
566,2004-05-26,6,13,17,18,20,37,17 06 20 18 13 37
567,2004-05-29,11,31,38,41,57,58,57 58 11 38 41 31
568,2004-06-02,13,17,22,25,29,41,25 41 17 29 13 22
569,2004-06-05,3,9,14,15,32,57,32 15 14 09 03 57
570,2004-06-09,15,32,33,35,36,51,35 32 36 33 51 15
571,2004-06-12,12,13,14,31,50,51,14 31 12 13 51 50
572,2004-06-16,3,9,16,20,33,60,33 03 20 60 09 16
573,2004-06-19,6,17,22,29,40,59,59 29 17 06 40 22
574,2004-06-23,2,10,17,23,32,44,32 23 02 10 44 17
575,2004-06-26,5,18,21,29,35,48,18 29 21 48 35 05
576,2004-06-30,7,8,18,39,43,52,18 43 52 39 07 08
577,2004-07-03,8,23,24,28,31,47,31 47 28 23 08 24
578,2004-07-07,3,18,23,48,56,58,48 03 58 18 56 23
579,2004-07-10,4,9,15,17,34,39,15 34 39 17 04 09
580,2004-07-14,15,16,18,28,38,47,38 16 18 28 15 47
581,2004-07-17,14,17,25,30,39,52,30 25 52 14 39 17
582,2004-07-21,13,29,40,45,51,59,13 40 29 59 45 51
583,2004-07-24,6,7,20,41,43,55,55 06 41 20 43 07
584,2004-07-28,7,8,23,30,32,53,30 53 23 07 32 08
585,2004-07-31,12,24,33,36,39,57,24 39 12 33 57 36
586,2004-08-04,11,13,38,39,45,54,45 38 13 11 54 39
587,2004-08-07,2,18,29,30,36,60,30 02 36 18 60 29
588,2004-08-11,11,13,45,46,53,55,45 13 46 55 53 11
589,2004-08-14,6,7,8,13,33,59,13 07 33 59 06 08
590,2004-08-18,4,5,18,25,28,51,25 51 05 18 04 28
591,2004-08-21,1,3,18,34,50,58,58 03 18 50 34 01
592,2004-08-25,13,14,42,47,55,59,55 14 59 47 13 42
593,2004-08-28,1,25,27,29,49,59,27 29 01 59 25 49
594,2004-09-01,10,13,29,47,53,55,10 53 55 29 13 47
595,2004-09-04,1,2,25,43,50,54,54 02 43 01 50 25
596,2004-09-08,11,14,28,43,54,60,43 60 28 11 54 14
597,2004-09-11,22,27,29,40,42,56,42 40 27 22 56 29
598,2004-09-15,5,16,34,38,50,53,05 16 53 38 50 34
599,2004-09-18,4,6,9,23,45,51,06 45 51 09 23 04
600,2004-09-22,16,18,31,34,39,54,18 39 54 34 31 16
601,2004-09-25,10,19,22,29,30,37,37 19 29 30 10 22
602,2004-09-29,7,13,38,46,55,60,38 60 13 07 55 46
603,2004-10-02,4,8,11,12,29,44,04 08 11 29 12 44
604,2004-10-06,15,25,41,46,49,51,41 49 51 25 15 46
605,2004-10-09,4,24,44,49,52,53,44 52 53 04 49 24
606,2004-10-13,6,23,32,35,41,55,41 06 23 55 32 35
607,2004-10-16,6,11,19,27,41,59,06 59 11 27 19 41
608,2004-10-20,6,13,19,24,30,37,30 06 37 19 24 13
609,2004-10-23,2,6,15,58,59,60,15 02 59 60 06 58
610,2004-10-27,25,30,43,45,47,49,25 49 30 43 47 45
611,2004-10-30,16,21,22,33,48,49,22 21 33 16 48 49
612,2004-11-03,15,18,33,50,53,55,55 33 15 50 53 18
613,2004-11-06,6,13,19,44,54,55,54 55 13 44 06 19
614,2004-11-10,12,16,31,48,57,60,60 31 12 48 57 16
615,2004-11-13,5,8,10,27,31,51,27 31 08 10 51 05
616,2004-11-17,2,12,16,24,26,54,24 16 26 54 12 02
617,2004-11-20,3,5,25,33,36,49,25 05 49 36 33 03
618,2004-11-24,3,8,10,13,24,60,60 10 03 08 24 13
619,2004-11-27,8,12,14,16,19,46,16 12 46 14 08 19
620,2004-12-01,1,3,13,22,29,32,22 01 29 13 32 03
621,2004-12-04,26,29,31,49,50,57,29 31 50 26 57 49
622,2004-12-08,19,27,29,38,50,59,59 27 19 29 50 38
623,2004-12-11,9,23,30,42,49,55,42 23 55 30 09 49
624,2004-12-15,8,23,34,39,43,52,39 23 34 52 08 43
625,2004-12-18,12,24,32,40,42,59,59 12 32 42 24 40
626,2004-12-22,7,8,18,22,39,49,49 08 22 18 07 39
627,2004-12-29,1,13,19,45,56,58,19 13 45 58 56 01
628,2005-01-05,8,16,22,30,56,58,08 16 22 56 58 30
629,2005-01-08,15,16,39,40,47,51,40 47 39 16 51 15
630,2005-01-12,12,16,20,45,53,60,16 53 20 60 12 45
631,2005-01-15,1,20,28,32,44,47,01 28 47 20 44 32
632,2005-01-19,2,19,28,48,51,54,02 54 48 51 19 28
633,2005-01-22,5,11,22,27,46,50,27 46 05 50 11 22
634,2005-01-26,10,13,24,41,42,56,13 41 24 42 10 56
635,2005-01-29,8,20,26,37,42,49,49 42 37 08 20 26
636,2005-02-02,26,28,30,32,34,50,30 32 34 50 28 26
637,2005-02-05,11,18,43,48,52,58,52 58 43 48 11 18
638,2005-02-12,10,11,36,41,42,50,42 10 50 41 11 36
639,2005-02-16,13,35,39,45,51,60,51 39 35 60 45 13
640,2005-02-19,12,19,42,46,59,60,12 42 59 46 19 60
641,2005-02-23,1,9,13,17,33,34,17 13 33 09 01 34
642,2005-02-26,17,36,40,44,51,56,51 17 56 36 44 40
643,2005-03-02,14,24,37,40,42,45,14 45 24 37 40 42
644,2005-03-05,14,27,29,31,34,57,57 29 31 27 34 14
645,2005-03-09,3,24,48,52,53,54,52 48 24 53 54 03
646,2005-03-12,10,13,32,47,49,60,13 47 60 32 49 10
647,2005-03-16,11,12,14,19,54,56,56 19 11 14 12 54
648,2005-03-19,5,23,29,42,45,48,05 48 23 42 45 29
649,2005-03-23,9,24,33,41,48,54,09 54 41 48 33 24
650,2005-03-26,10,24,25,29,53,59,53 59 25 29 10 24
651,2005-03-30,26,28,39,45,48,60,39 45 28 26 48 60
652,2005-04-02,10,18,20,24,56,57,24 18 57 56 10 20
653,2005-04-06,5,9,19,24,31,34,31 24 19 34 09 05
654,2005-04-09,6,10,11,40,41,56,10 11 56 40 41 06
655,2005-04-13,1,26,37,39,43,48,26 39 01 37 43 48
656,2005-04-16,35,36,37,46,51,59,59 37 46 36 35 51
657,2005-04-20,16,20,33,58,59,60,20 59 58 33 60 16
658,2005-04-23,3,6,11,20,36,41,41 20 36 03 11 06
659,2005-04-27,14,29,34,40,51,52,14 29 40 34 51 52
660,2005-04-30,5,11,38,46,53,54,53 05 38 54 46 11
661,2005-05-04,4,27,36,40,42,55,42 40 27 04 55 36
662,2005-05-07,4,18,23,25,56,60,04 60 56 25 18 23
663,2005-05-11,1,27,30,49,51,55,01 49 30 55 27 51
664,2005-05-14,1,12,36,38,55,59,12 01 55 59 38 36
665,2005-05-18,7,8,18,25,47,48,08 47 07 48 25 18
666,2005-05-21,7,16,26,29,45,55,07 26 16 29 45 55
667,2005-05-25,1,4,5,16,23,49,05 23 16 04 49 01
668,2005-05-28,1,2,14,33,49,56,49 33 56 02 14 01
669,2005-06-01,7,24,27,40,41,49,07 41 24 40 49 27
670,2005-06-04,22,37,42,48,58,59,42 59 58 37 48 22
671,2005-06-08,9,16,27,38,39,51,27 16 39 51 09 38
672,2005-06-11,24,28,34,38,43,53,43 34 53 38 28 24
673,2005-06-15,6,11,20,34,37,40,06 40 37 11 20 34
674,2005-06-18,18,22,29,32,38,42,22 32 18 29 42 38
675,2005-06-22,24,25,30,42,43,50,50 42 30 25 43 24
676,2005-06-25,9,15,32,41,42,49,49 32 15 09 41 42
677,2005-06-29,8,10,25,32,48,55,25 10 48 08 32 55
678,2005-07-02,14,31,40,42,44,46,44 46 31 14 40 42
679,2005-07-06,3,21,25,37,54,58,37 21 54 03 58 25
680,2005-07-09,2,3,5,22,26,44,44 02 26 05 03 22
681,2005-07-13,21,25,38,53,58,59,59 21 53 25 58 38
682,2005-07-16,4,27,36,37,47,60,60 37 47 36 04 27
683,2005-07-20,2,11,12,35,40,43,43 40 12 11 02 35
684,2005-07-23,17,19,33,37,40,50,50 37 33 40 19 17
685,2005-07-27,5,12,27,33,43,56,33 27 05 56 12 43
686,2005-07-30,4,5,15,26,33,54,33 05 04 54 15 26
687,2005-08-03,1,7,14,41,48,59,59 48 01 07 41 14
688,2005-08-06,11,21,30,35,47,52,47 30 52 11 21 35
689,2005-08-10,6,7,31,49,51,60,06 60 07 31 49 51
690,2005-08-13,8,12,15,41,47,53,15 41 08 47 12 53
691,2005-08-17,8,16,37,50,55,58,55 16 58 08 37 50
692,2005-08-20,11,18,33,57,58,60,33 18 60 11 58 57
693,2005-08-24,13,14,17,31,41,50,14 50 41 17 31 13
694,2005-08-27,15,19,29,37,41,53,15 19 29 53 37 41
695,2005-08-31,6,11,13,21,40,52,13 40 21 52 06 11
696,2005-09-03,9,16,34,37,53,57,37 16 34 57 53 09
697,2005-09-10,28,31,32,35,51,53,53 35 32 31 28 51
698,2005-09-14,8,12,22,27,43,55,22 08 27 43 55 12
699,2005-09-19,17,23,48,50,53,54,53 17 50 23 54 48
700,2005-09-21,2,3,14,24,31,40,02 03 24 40 31 14
701,2005-09-24,1,13,23,31,48,60,13 01 31 23 60 48
702,2005-09-28,1,18,45,56,57,58,01 56 18 58 45 57
703,2005-10-01,2,11,24,27,30,45,30 24 02 45 11 27
704,2005-10-05,2,4,18,27,34,50,02 27 50 34 18 04
705,2005-10-08,3,11,13,15,26,43,03 15 11 13 26 43
706,2005-10-15,2,7,10,17,22,60,22 10 17 07 02 60
707,2005-10-19,1,8,10,36,43,51,51 08 01 43 10 36
708,2005-10-22,7,9,13,39,45,47,45 13 39 47 09 07
709,2005-10-26,4,6,9,22,29,44,29 22 44 09 06 04
710,2005-10-29,5,25,34,39,46,49,46 25 05 49 39 34
711,2005-11-05,5,10,33,40,41,59,10 05 41 59 40 33
712,2005-11-09,7,8,35,43,53,58,35 07 53 58 08 43
713,2005-11-12,1,12,16,26,46,54,46 01 26 16 12 54
714,2005-11-16,7,8,17,35,39,53,17 53 39 08 07 35
715,2005-11-19,4,12,24,33,36,54,54 36 12 04 33 24
716,2005-11-23,2,7,16,29,32,50,29 02 07 50 16 32
717,2005-11-26,6,17,23,28,35,41,28 35 41 17 06 23
718,2005-11-30,7,21,33,35,39,58,07 35 21 39 58 33
719,2005-12-03,3,32,37,39,47,53,39 47 37 53 32 03
720,2005-12-07,12,31,44,51,54,56,12 56 44 51 31 54
721,2005-12-10,3,14,23,25,36,55,14 03 23 55 36 25
722,2005-12-14,9,18,36,44,57,60,60 36 57 18 44 09
723,2005-12-17,1,6,16,36,50,52,16 06 52 01 36 50
724,2005-12-21,17,27,34,48,51,55,34 51 55 17 48 27
725,2005-12-31,3,9,35,37,41,49,49 09 03 35 37 41
726,2006-01-04,1,5,7,37,40,47,40 47 01 05 07 37
727,2006-01-07,4,12,14,30,42,59,14 42 12 04 59 30
728,2006-01-11,8,13,24,32,42,44,44 42 13 08 24 32
729,2006-01-14,5,18,33,43,56,57,33 56 18 57 43 05
730,2006-01-18,2,15,16,45,50,54,45 15 02 54 16 50
731,2006-01-21,6,15,16,23,28,35,35 06 15 23 28 16
732,2006-01-25,6,17,19,49,50,53,49 19 53 50 17 06
733,2006-01-28,2,12,26,31,43,46,12 26 31 43 46 02
734,2006-02-01,27,29,43,44,45,54,44 45 27 29 43 54
735,2006-02-04,9,15,38,40,42,52,40 42 15 52 38 09
736,2006-02-08,1,21,38,41,49,56,01 21 38 41 56 49
737,2006-02-11,11,12,24,32,33,38,33 12 24 38 11 32
738,2006-02-15,14,15,26,30,42,54,15 30 14 42 26 54
739,2006-02-18,6,10,35,45,49,56,06 45 56 49 35 10
740,2006-02-22,12,16,28,29,47,50,29 47 12 50 16 28
741,2006-02-25,24,26,27,36,39,59,26 39 27 24 59 36
742,2006-03-01,2,7,17,34,41,50,34 17 07 41 02 50
743,2006-03-04,20,23,25,32,54,60,54 20 32 60 25 23
744,2006-03-08,4,12,23,26,39,46,26 46 12 23 39 04
745,2006-03-11,2,16,21,37,43,57,21 57 37 16 43 02
746,2006-03-15,1,10,12,25,49,57,49 12 10 57 25 01
747,2006-03-18,2,3,12,21,23,56,21 23 56 12 03 02
748,2006-03-22,1,2,7,19,35,51,01 07 19 51 35 02
749,2006-03-25,4,24,47,48,50,57,24 47 04 57 48 50
750,2006-03-29,10,17,33,42,54,58,58 17 54 10 42 33
751,2006-04-01,4,7,20,25,38,50,04 25 38 50 20 07
752,2006-04-05,4,23,24,25,29,42,25 04 29 42 24 23
753,2006-04-08,2,7,22,35,43,59,59 35 43 22 07 02
754,2006-04-12,3,4,13,34,42,50,04 42 34 50 03 13
755,2006-04-15,4,12,30,47,49,59,59 30 47 12 04 49
756,2006-04-19,5,27,37,38,41,50,37 50 41 05 38 27
757,2006-04-22,12,17,18,30,32,58,17 32 12 18 58 30
758,2006-04-26,1,23,36,43,47,59,47 59 01 23 36 43
759,2006-04-29,30,31,39,45,48,59,59 39 30 31 48 45
760,2006-05-03,12,17,44,45,46,60,12 17 60 44 46 45
761,2006-05-06,13,17,27,29,40,56,56 29 17 13 27 40
762,2006-05-10,9,12,21,37,39,54,39 09 21 12 37 54
763,2006-05-13,1,9,26,40,47,48,40 47 01 48 09 26
764,2006-05-18,3,7,45,47,53,55,07 03 55 47 53 45
765,2006-05-21,3,10,16,30,37,50,03 37 50 16 30 10
766,2006-05-24,1,19,24,42,50,58,01 50 19 42 24 58
767,2006-05-27,15,22,32,38,50,54,22 50 32 38 54 15
768,2006-05-31,4,8,30,33,37,59,33 37 59 30 04 08
769,2006-06-03,12,16,20,21,29,50,20 21 50 29 12 16
770,2006-06-07,4,12,25,34,35,48,04 34 25 35 48 12
771,2006-06-10,14,21,29,34,46,47,29 46 34 47 21 14
772,2006-06-14,10,35,38,51,52,60,38 51 52 60 10 35
773,2006-06-17,3,5,14,29,34,51,03 05 51 29 34 14
774,2006-06-21,5,10,37,46,54,58,37 05 54 58 46 10
775,2006-06-24,12,27,42,46,47,50,27 12 46 47 42 50
776,2006-06-28,3,15,35,41,57,60,57 35 60 41 03 15
777,2006-07-01,2,14,23,28,50,56,14 50 23 02 28 56
778,2006-07-05,20,31,36,37,45,51,45 20 36 37 31 51
779,2006-07-08,25,26,29,36,52,54,36 54 52 25 29 26
780,2006-07-12,7,10,28,50,51,59,10 50 28 51 59 07
781,2006-07-15,8,10,13,39,54,56,10 54 08 39 56 13
782,2006-07-19,2,11,23,35,42,59,11 23 59 42 35 02
783,2006-07-22,4,8,21,32,43,48,43 21 48 08 04 32
784,2006-07-26,8,27,37,42,53,56,42 56 08 37 27 53
785,2006-07-29,5,8,17,35,37,48,35 05 37 08 48 17
786,2006-08-02,10,11,26,27,31,41,27 31 26 11 10 41
787,2006-08-05,20,31,34,37,54,60,37 31 20 60 34 54
788,2006-08-09,17,19,29,31,44,57,31 57 17 19 29 44
789,2006-08-12,6,31,38,39,50,60,60 39 31 38 06 50
790,2006-08-16,2,6,19,22,28,43,22 02 19 28 43 06
791,2006-08-19,9,14,19,35,42,58,42 35 19 09 14 58
792,2006-08-23,9,29,34,43,45,56,43 56 09 45 29 34
793,2006-08-26,3,15,16,33,51,57,03 51 33 15 16 57
794,2006-08-30,3,38,42,47,55,56,56 47 55 38 42 03
795,2006-09-02,14,21,26,29,36,48,14 36 21 29 26 48
796,2006-09-06,5,19,24,34,39,43,19 24 43 34 39 05
797,2006-09-09,6,12,47,48,52,58,58 48 52 47 12 06
798,2006-09-13,3,4,9,29,32,52,32 09 04 52 29 03
799,2006-09-16,19,29,35,42,55,57,29 35 19 57 42 55
800,2006-09-20,1,7,11,37,38,56,01 07 56 11 37 38
801,2006-09-23,11,19,20,22,42,48,20 22 11 19 48 42
802,2006-09-27,6,14,18,24,48,60,14 24 60 06 18 48
803,2006-09-30,3,5,10,21,28,57,10 57 28 03 05 21
804,2006-10-04,3,13,37,47,56,59,13 59 37 56 03 47
805,2006-10-07,2,30,36,43,48,60,30 02 48 60 43 36
806,2006-10-12,18,26,35,41,47,60,60 41 47 26 35 18
807,2006-10-14,2,8,27,32,49,56,08 27 02 32 56 49
808,2006-10-18,2,15,21,31,46,57,15 21 31 46 02 57
809,2006-10-21,5,11,15,23,25,30,25 23 11 05 30 15
810,2006-10-25,1,4,5,33,37,48,04 33 01 48 05 37
811,2006-10-28,10,28,32,41,47,57,32 57 28 41 10 47
812,2006-11-01,11,13,38,39,54,57,57 39 54 11 38 13
813,2006-11-04,9,15,23,45,46,56,23 15 56 46 09 45
814,2006-11-08,2,8,11,41,46,50,11 02 46 50 08 41
815,2006-11-11,9,19,37,39,50,57,57 50 09 39 37 19
816,2006-11-16,20,21,30,40,47,52,21 47 40 52 30 20
817,2006-11-18,10,29,30,34,43,52,34 43 29 30 10 52
818,2006-11-22,8,9,22,25,41,44,44 41 22 08 09 25
819,2006-11-25,5,19,25,46,51,58,51 05 58 46 25 19
820,2006-11-29,10,17,21,32,45,46,17 45 32 21 10 46
821,2006-12-02,4,29,33,36,38,42,04 29 38 36 33 42
822,2006-12-06,4,10,17,27,41,52,04 17 41 10 27 52
823,2006-12-09,1,15,26,51,54,59,15 26 59 01 54 51
824,2006-12-13,6,7,9,20,33,48,33 48 06 07 20 09
825,2006-12-16,10,21,28,40,41,47,28 21 40 10 41 47
826,2006-12-19,6,7,8,27,45,53,45 06 08 07 53 27
827,2006-12-21,18,24,30,42,51,56,24 56 30 51 42 18
828,2006-12-23,23,28,38,42,50,53,23 50 53 42 28 38
829,2006-12-31,10,14,32,47,50,56,32 50 14 47 10 56
830,2007-01-03,2,13,41,49,51,53,53 51 02 41 13 49
831,2007-01-06,3,32,33,42,48,50,03 50 48 42 32 33
832,2007-01-10,15,17,23,33,39,49,17 49 15 33 39 23
833,2007-01-13,13,16,46,53,57,58,53 58 57 16 46 13
834,2007-01-17,10,16,17,34,44,51,44 10 17 16 51 34
835,2007-01-20,18,31,33,49,57,58,58 31 57 49 33 18
836,2007-01-24,17,22,28,38,52,59,28 22 38 17 52 59
837,2007-01-27,5,6,16,24,34,60,16 05 24 34 06 60
838,2007-01-31,9,23,30,38,44,47,09 30 47 38 23 44
839,2007-02-03,7,8,11,18,37,43,11 18 08 07 37 43
840,2007-02-07,17,29,31,35,43,59,43 29 35 59 31 17
841,2007-02-10,7,22,32,36,38,51,36 51 32 22 38 07
842,2007-02-14,7,9,30,44,51,60,51 44 60 09 07 30
843,2007-02-17,1,16,34,36,45,48,34 48 01 16 45 36
844,2007-02-24,16,24,34,44,54,57,54 24 44 57 34 16
845,2007-02-28,14,19,20,40,48,52,40 48 19 20 14 52
846,2007-03-03,2,3,44,47,50,54,47 54 02 50 03 44
847,2007-03-07,14,15,27,42,44,48,42 14 44 27 15 48
848,2007-03-10,17,27,32,34,47,56,56 34 17 32 47 27
849,2007-03-14,8,9,39,44,49,58,08 39 09 58 44 49
850,2007-03-17,7,22,25,44,59,60,60 22 59 25 44 07
851,2007-03-21,3,16,19,32,35,58,16 32 35 58 19 03
852,2007-03-24,6,14,23,34,38,44,14 38 06 23 44 34
853,2007-03-28,30,38,46,51,56,59,51 30 59 46 38 56
854,2007-03-31,3,17,24,25,27,44,17 03 24 27 44 25
855,2007-04-04,3,24,31,42,43,53,42 03 24 53 43 31
856,2007-04-07,11,15,40,41,42,47,11 40 41 47 15 42
857,2007-04-11,2,3,17,49,50,59,17 59 49 02 03 50
858,2007-04-14,4,18,23,31,37,54,31 37 54 23 04 18
859,2007-04-18,9,12,34,46,47,57,46 47 12 57 34 09
860,2007-04-23,2,8,17,22,42,44,22 08 17 42 44 02
861,2007-04-25,39,40,42,47,59,60,42 40 60 59 47 39
862,2007-04-28,2,8,11,12,19,35,19 35 12 02 11 08
863,2007-05-02,15,24,32,50,53,57,32 53 50 57 15 24
864,2007-05-05,8,11,31,33,42,57,31 11 33 42 57 08
865,2007-05-09,23,26,27,41,51,53,27 23 41 51 26 53
866,2007-05-12,5,27,36,40,46,48,36 48 27 40 05 46
867,2007-05-16,10,19,26,28,44,54,54 26 28 19 44 10
868,2007-05-19,21,22,25,40,51,57,57 51 21 22 25 40
869,2007-05-23,27,29,42,49,50,51,29 42 50 51 49 27
870,2007-05-26,8,21,34,40,43,52,52 08 43 34 40 21
871,2007-05-30,1,5,10,17,47,58,17 05 58 01 47 10
872,2007-06-02,5,18,31,43,55,58,18 55 58 43 31 05
873,2007-06-06,4,19,30,34,57,59,57 59 04 34 19 30
874,2007-06-09,10,20,42,44,52,59,59 20 52 42 44 10
875,2007-06-13,18,20,24,36,53,58,53 18 36 58 24 20
876,2007-06-16,4,8,12,41,45,60,04 12 41 45 60 08
877,2007-06-20,13,15,20,28,31,36,13 15 20 31 28 36
878,2007-06-23,11,12,37,38,43,54,37 12 43 38 11 54
879,2007-06-27,10,28,29,35,42,46,29 10 46 35 42 28
880,2007-06-30,25,30,37,46,49,51,51 30 49 25 37 46
881,2007-07-04,4,18,24,43,51,56,43 24 04 51 18 56
882,2007-07-07,17,41,42,44,45,60,42 45 44 60 41 17
883,2007-07-11,21,32,37,52,53,60,21 37 60 32 52 53
884,2007-07-14,2,11,12,14,22,39,22 11 02 14 39 12
885,2007-07-18,4,13,31,33,47,51,13 04 31 33 47 51
886,2007-07-21,17,33,37,50,55,59,50 55 37 33 59 17
887,2007-07-25,1,12,21,32,34,44,44 12 32 21 01 34
888,2007-07-28,24,40,50,52,54,60,50 24 40 54 52 60
889,2007-08-01,20,24,34,39,54,60,34 54 20 39 60 24
890,2007-08-04,7,9,17,21,22,54,09 21 22 07 17 54
891,2007-08-08,15,16,19,22,34,35,15 22 19 35 34 16
892,2007-08-11,1,19,42,44,49,52,01 49 52 42 19 44
893,2007-08-15,3,18,26,51,53,56,56 53 51 26 18 03
894,2007-08-18,20,24,28,37,41,44,37 24 44 28 20 41
895,2007-08-22,2,41,43,55,57,58,02 55 41 43 57 58
896,2007-08-25,5,11,22,31,35,41,31 11 41 35 22 05
897,2007-08-29,7,21,22,43,46,57,21 57 46 22 07 43
898,2007-09-01,3,4,8,30,45,54,04 08 03 54 45 30
899,2007-09-05,18,20,36,53,54,58,58 18 54 36 53 20
900,2007-09-08,4,18,21,34,38,59,04 21 59 18 38 34
901,2007-09-12,13,16,32,33,34,56,32 34 16 13 56 33
902,2007-09-15,18,23,50,52,55,58,52 55 23 50 58 18
903,2007-09-19,5,17,20,32,41,55,17 05 32 55 20 41
904,2007-09-22,32,44,48,51,53,59,32 44 59 53 48 51
905,2007-09-26,2,4,15,16,55,57,04 15 57 55 02 16
906,2007-09-29,7,14,24,29,35,39,35 39 29 24 07 14
907,2007-10-03,9,36,37,41,51,53,09 41 53 37 36 51
908,2007-10-06,1,9,19,25,50,52,19 01 09 25 50 52
909,2007-10-10,17,22,26,28,38,42,42 17 26 38 28 22
910,2007-10-13,3,15,27,29,36,53,53 29 36 03 15 27
911,2007-10-17,1,6,28,29,46,49,49 46 01 29 06 28
912,2007-10-20,4,19,21,26,29,54,26 21 54 04 19 29
913,2007-10-24,14,30,36,38,46,59,30 14 59 36 46 38
914,2007-10-27,9,12,23,33,45,51,33 51 09 23 45 12
915,2007-10-31,17,20,26,28,48,49,20 28 49 26 17 48
916,2007-11-03,5,28,33,36,37,38,33 37 05 38 28 36
917,2007-11-07,23,25,30,46,47,59,23 59 25 47 46 30
918,2007-11-10,4,8,12,38,44,52,38 44 08 04 12 52
919,2007-11-14,3,25,31,41,43,60,43 25 41 60 31 03
920,2007-11-17,5,17,24,52,55,57,17 57 55 24 52 05
921,2007-11-21,1,9,35,41,48,57,35 41 01 57 09 48
922,2007-11-24,12,13,19,41,45,49,41 49 45 19 13 12
923,2007-11-28,2,15,39,50,53,57,53 39 02 50 57 15
924,2007-12-01,2,20,21,27,51,60,51 27 60 21 20 02
925,2007-12-05,8,22,36,37,46,52,52 37 46 08 22 36
926,2007-12-08,21,33,34,40,41,59,40 41 34 33 21 59
927,2007-12-12,19,23,26,31,33,36,36 26 31 23 19 33
928,2007-12-15,4,10,32,33,49,60,32 10 49 60 04 33
929,2007-12-19,16,27,35,39,49,57,16 49 35 39 57 27
930,2007-12-22,20,28,37,46,49,55,46 20 55 37 28 49
931,2007-12-31,7,17,19,34,36,39,17 34 07 36 39 19
932,2008-01-05,2,17,21,36,42,53,02 21 42 53 36 17
933,2008-01-09,8,14,25,39,45,51,25 39 45 51 08 14
934,2008-01-12,1,3,21,25,44,48,25 48 44 03 21 01
935,2008-01-16,7,13,18,29,31,45,07 45 18 13 29 31
936,2008-01-19,5,14,22,29,33,44,05 33 14 29 44 22
937,2008-01-23,2,21,22,30,41,52,22 41 02 30 21 52
938,2008-01-26,15,27,35,50,57,59,35 15 27 57 50 59
939,2008-01-30,6,19,23,37,49,50,06 23 19 50 37 49
940,2008-02-02,5,25,31,33,37,51,25 33 51 31 05 37
941,2008-02-06,10,11,15,27,53,60,11 15 10 27 60 53
942,2008-02-09,5,8,18,42,52,59,05 52 18 08 59 42
943,2008-02-13,3,12,23,41,47,58,47 41 58 03 23 12
944,2008-02-16,16,37,43,52,58,59,16 58 43 37 52 59
945,2008-02-20,4,8,27,44,54,59,44 08 59 54 04 27
946,2008-02-23,1,5,12,47,52,59,59 01 47 05 52 12
947,2008-02-27,3,5,11,14,33,58,33 11 03 58 14 05
948,2008-03-01,22,41,44,46,52,54,22 44 41 46 52 54
949,2008-03-05,1,23,41,44,51,52,44 01 51 52 41 23
950,2008-03-08,23,41,42,48,49,59,48 59 49 41 42 23
951,2008-03-12,14,24,34,39,49,55,49 24 39 34 55 14
952,2008-03-15,2,11,18,27,30,54,54 11 27 18 02 30
953,2008-03-19,1,16,39,42,48,55,55 48 01 39 16 42
954,2008-03-22,5,8,18,24,33,57,08 05 24 18 57 33
955,2008-03-26,5,12,21,32,33,35,35 05 32 21 33 12
956,2008-03-29,46,47,51,54,57,59,46 51 47 59 54 57
957,2008-04-02,24,25,32,34,50,57,50 32 25 34 57 24
958,2008-04-05,7,13,22,33,48,51,13 22 07 33 51 48
959,2008-04-09,3,5,11,33,39,57,57 03 05 11 33 39
960,2008-04-12,6,18,19,33,34,53,34 06 33 18 53 19
961,2008-04-16,2,4,16,21,36,53,16 53 02 04 21 36
962,2008-04-19,2,11,40,48,49,55,02 48 49 40 55 11
963,2008-04-23,15,17,37,48,50,59,37 17 15 50 48 59
964,2008-04-26,8,13,20,26,33,42,42 13 33 20 08 26
965,2008-04-30,5,30,36,39,57,58,36 39 57 58 05 30
966,2008-05-03,1,4,26,28,41,58,01 58 26 28 04 41
967,2008-05-07,5,13,14,18,30,57,18 14 57 30 13 05
968,2008-05-10,1,4,13,30,51,60,30 04 13 60 51 01
969,2008-05-14,13,25,35,41,50,56,56 35 50 13 41 25
970,2008-05-17,5,21,28,34,54,57,57 34 05 54 28 21
971,2008-05-21,4,11,14,33,44,45,04 14 33 44 11 45
972,2008-05-24,15,18,31,33,34,56,33 18 15 56 31 34
973,2008-05-28,1,8,30,36,47,53,53 36 08 30 01 47
974,2008-05-31,12,16,20,31,38,45,45 20 38 31 16 12
975,2008-06-04,9,30,33,37,40,41,33 09 37 40 41 30
976,2008-06-07,14,23,25,28,38,53,28 53 38 23 14 25
977,2008-06-11,3,5,7,9,17,32,17 03 09 32 07 05
978,2008-06-14,12,16,18,27,42,58,42 58 12 18 16 27
979,2008-06-18,3,15,28,31,39,51,28 03 39 51 31 15
980,2008-06-21,15,17,29,35,36,59,35 17 59 15 36 29
981,2008-06-25,1,8,34,41,53,58,08 41 53 01 58 34
982,2008-06-28,8,12,24,40,43,49,12 24 08 40 43 49
983,2008-07-02,16,22,32,38,40,45,38 45 40 16 32 22
984,2008-07-05,4,10,20,43,46,47,46 20 04 43 47 10
985,2008-07-09,4,16,18,46,56,59,04 56 18 59 46 16
986,2008-07-12,6,15,19,24,31,32,32 06 31 24 15 19
987,2008-07-16,13,27,31,34,47,58,47 27 13 31 34 58
988,2008-07-19,8,17,46,48,56,60,48 17 46 56 60 08
989,2008-07-23,2,21,27,29,32,38,38 21 27 02 29 32
990,2008-07-26,2,10,15,18,29,39,29 18 02 15 10 39
991,2008-07-30,8,9,15,38,41,60,08 38 60 41 15 09
992,2008-08-02,1,4,6,8,25,28,06 08 04 01 25 28
993,2008-08-06,5,24,25,26,42,60,26 25 42 60 05 24
994,2008-08-09,3,20,29,40,44,58,44 40 58 29 03 20
995,2008-08-13,4,16,31,36,54,55,04 54 55 36 16 31
996,2008-08-16,7,15,20,21,23,29,21 23 20 07 29 15
997,2008-08-20,9,17,18,32,53,55,18 53 55 32 09 17
998,2008-08-23,3,4,21,22,28,32,28 21 04 32 03 22
999,2008-08-27,18,24,36,44,55,58,44 36 55 58 18 24
1000,2008-08-30,29,38,39,49,53,58,49 58 53 39 38 29
1001,2008-09-03,12,15,27,37,51,60,15 37 27 12 60 51
1002,2008-09-06,3,7,25,31,40,58,03 31 07 25 40 58
1003,2008-09-10,5,10,16,23,26,27,10 27 23 05 16 26
1004,2008-09-13,29,40,43,44,45,47,45 47 29 40 44 43
1005,2008-09-17,4,6,12,37,41,42,06 41 04 37 12 42
1006,2008-09-20,2,4,17,33,48,55,48 17 04 33 55 02
1007,2008-09-24,4,27,36,37,49,52,49 27 04 36 52 37
1008,2008-09-27,7,13,15,34,42,48,07 15 42 48 34 13
1009,2008-10-01,1,6,12,29,34,58,34 12 01 06 58 29
1010,2008-10-04,2,3,13,37,46,54,02 46 03 37 13 54
1011,2008-10-08,2,11,21,30,35,52,30 02 52 21 11 35
1012,2008-10-11,14,19,40,47,55,58,47 19 58 14 40 55
1013,2008-10-15,7,9,12,19,20,41,07 09 20 41 12 19
1014,2008-10-18,8,9,25,41,57,60,60 57 09 25 08 41
1015,2008-10-22,3,8,17,26,28,49,49 08 28 03 26 17
1016,2008-10-25,5,9,11,20,25,60,11 09 25 05 60 20
1017,2008-10-29,6,19,31,34,51,56,31 51 19 06 56 34
1018,2008-11-01,9,24,44,51,55,58,55 51 58 09 44 24
1019,2008-11-05,4,13,23,29,46,47,29 47 04 13 46 23
1020,2008-11-08,1,2,19,32,39,52,19 32 52 01 02 39
1021,2008-11-12,2,33,42,43,51,55,42 55 51 43 02 33
1022,2008-11-16,5,21,31,39,40,56,31 21 40 39 56 05
1023,2008-11-19,2,7,8,18,40,45,45 40 02 07 18 08
1024,2008-11-22,18,22,28,29,39,53,28 53 18 39 22 29
1025,2008-11-26,10,27,28,29,40,52,52 40 29 27 28 10
1026,2008-11-29,6,10,17,33,51,53,10 33 51 53 06 17
1027,2008-12-03,18,20,33,44,47,60,20 18 47 44 60 33
1028,2008-12-06,20,26,34,51,52,54,54 26 34 51 20 52
1029,2008-12-10,5,16,17,20,24,32,17 05 16 24 20 32
1030,2008-12-13,1,8,23,37,54,57,57 08 54 01 23 37
1031,2008-12-17,24,33,40,43,46,49,49 33 24 40 46 43
1032,2008-12-20,15,16,26,29,43,57,57 43 15 29 26 16
1033,2008-12-24,5,6,17,33,39,54,39 06 05 33 54 17
1034,2008-12-27,1,3,18,20,42,49,20 42 01 03 49 18
1035,2008-12-31,1,11,26,51,59,60,51 60 01 11 59 26
1036,2009-01-03,10,27,36,39,41,52,27 39 36 10 41 52
1037,2009-01-07,4,36,44,46,53,56,56 36 04 44 46 53
1038,2009-01-10,6,7,28,35,43,51,51 07 06 28 35 43
1039,2009-01-14,2,20,24,27,36,52,52 02 20 27 36 24
1040,2009-01-17,1,6,28,39,44,55,44 01 28 55 06 39
1041,2009-01-21,10,12,36,44,54,57,12 10 36 54 44 57
1042,2009-01-24,13,18,25,30,46,51,25 46 51 18 13 30
1043,2009-01-28,14,21,25,48,51,60,25 14 51 48 60 21
1044,2009-01-31,10,11,13,35,39,58,58 10 39 11 13 35
1045,2009-02-04,1,5,6,17,31,50,31 06 05 17 50 01
1046,2009-02-07,28,40,42,54,55,57,57 40 28 42 54 55
1047,2009-02-11,1,2,8,10,14,48,01 02 10 48 14 08
1048,2009-02-14,3,16,21,28,38,57,57 03 38 21 28 16
1049,2009-02-18,2,5,17,29,34,52,34 17 52 05 02 29
1050,2009-02-21,14,24,26,33,45,60,60 14 45 24 33 26
1051,2009-02-25,7,10,11,13,43,57,57 11 07 43 10 13
1052,2009-02-28,8,11,15,16,52,57,08 11 16 15 57 52
1053,2009-03-04,15,27,34,42,49,53,15 42 27 53 34 49
1054,2009-03-07,13,14,18,27,41,60,41 27 13 60 14 18
1055,2009-03-11,12,15,16,20,27,32,27 32 15 12 20 16
1056,2009-03-14,6,8,38,50,53,59,38 08 50 53 59 06
1057,2009-03-18,2,3,4,15,49,59,15 49 59 04 03 02
1058,2009-03-21,18,20,24,45,51,57,20 51 57 45 24 18
1059,2009-03-25,1,12,14,16,37,45,37 01 14 45 12 16
1060,2009-03-28,1,3,16,18,41,42,01 41 03 18 16 42
1061,2009-04-01,9,21,23,30,41,56,09 41 56 23 21 30
1062,2009-04-04,2,8,23,33,37,55,55 08 02 37 23 33
1063,2009-04-08,1,22,44,47,49,50,49 01 22 47 44 50
1064,2009-04-11,4,16,19,28,29,49,28 04 19 16 49 29
1065,2009-04-15,7,19,30,39,43,57,07 57 19 43 39 30
1066,2009-04-18,6,10,25,32,43,49,10 43 49 32 25 06
1067,2009-04-22,4,10,14,25,28,56,14 10 56 25 04 28
1068,2009-04-25,25,27,44,47,48,57,44 48 25 57 27 47
1069,2009-04-29,9,17,28,45,49,53,28 17 49 53 45 09
1070,2009-05-02,5,8,16,23,41,53,41 53 08 23 05 16
1071,2009-05-06,5,7,37,43,53,54,05 37 43 07 53 54
1072,2009-05-09,9,18,19,43,47,54,19 18 54 47 43 09
1073,2009-05-13,8,25,32,34,36,44,44 36 32 08 34 25
1074,2009-05-16,3,10,23,29,47,50,03 47 10 50 29 23
1075,2009-05-20,10,12,16,21,39,53,53 39 16 21 10 12
1076,2009-05-23,4,10,19,32,33,42,32 33 10 19 42 04
1077,2009-05-27,5,6,9,11,18,37,11 06 18 05 37 09
1078,2009-05-30,3,6,34,41,43,45,03 06 45 34 41 43
1079,2009-06-03,5,12,24,28,36,37,36 12 37 24 05 28
1080,2009-06-06,11,18,20,34,41,56,56 11 20 41 34 18
1081,2009-06-10,9,16,24,29,52,56,09 56 29 52 16 24
1082,2009-06-13,4,17,38,40,50,55,04 40 50 17 55 38
1083,2009-06-17,10,20,23,28,42,43,20 28 42 23 10 43
1084,2009-06-20,5,20,29,33,40,59,20 05 29 59 40 33
1085,2009-06-24,12,21,39,40,50,55,39 50 21 12 40 55
1086,2009-06-27,2,4,6,10,23,45,45 04 06 23 10 02
1087,2009-07-01,3,20,28,32,36,46,36 46 28 32 03 20
1088,2009-07-04,6,24,31,35,42,57,24 42 35 31 06 57
1089,2009-07-08,2,18,20,32,37,48,37 48 32 02 18 20
1090,2009-07-11,9,20,24,36,40,42,24 09 40 20 36 42
1091,2009-07-15,17,23,24,27,49,56,27 56 17 24 49 23
1092,2009-07-18,1,9,30,33,34,40,40 30 01 09 33 34
1093,2009-07-22,19,23,27,38,41,49,27 49 38 23 41 19
1094,2009-07-25,9,10,21,36,41,48,10 09 48 36 41 21
1095,2009-07-29,10,16,21,23,27,36,27 23 36 10 21 16
1096,2009-08-01,3,13,14,16,41,52,03 41 52 14 13 16
1097,2009-08-05,1,17,21,33,48,56,21 48 33 01 56 17
1098,2009-08-08,11,20,21,30,50,52,30 20 21 11 50 52
1099,2009-08-12,14,31,35,38,44,55,55 44 38 35 14 31
1100,2009-08-15,7,17,18,33,41,42,41 33 17 18 07 42
1101,2009-08-19,6,7,10,12,24,57,07 12 57 06 24 10
1102,2009-08-22,9,11,23,35,46,51,46 23 09 35 11 51
1103,2009-08-26,10,19,28,41,55,56,41 19 10 28 55 56
1104,2009-08-29,2,3,6,35,49,58,03 35 58 49 02 06
1105,2009-09-02,1,15,28,43,50,57,43 01 50 28 57 15
1106,2009-09-05,4,15,43,47,50,60,04 15 50 60 43 47
1107,2009-09-09,3,9,20,36,53,54,36 20 54 09 03 53
1108,2009-09-12,7,9,39,43,44,60,60 44 07 39 43 09
1109,2009-09-16,6,8,11,14,29,52,11 52 14 06 29 08
1110,2009-09-19,6,14,26,28,42,45,26 45 06 28 42 14
1111,2009-09-23,4,9,25,32,33,43,04 43 25 09 33 32
1112,2009-09-26,4,32,34,43,52,58,04 34 52 32 58 43
1113,2009-09-30,3,6,29,36,47,59,47 36 29 59 03 06
1114,2009-10-03,3,15,16,22,25,54,16 03 22 54 25 15
1115,2009-10-07,18,30,37,41,44,50,44 41 18 50 37 30
1116,2009-10-10,4,9,13,17,20,47,17 20 04 47 09 13
1117,2009-10-14,1,6,17,27,35,40,27 35 40 01 06 17
1118,2009-10-17,8,20,21,43,44,55,55 44 08 20 43 21
1119,2009-10-21,10,34,41,44,45,54,44 54 41 45 34 10
1120,2009-10-24,7,35,40,44,50,55,50 55 07 35 44 40
1121,2009-10-28,4,17,18,54,56,59,18 04 59 54 56 17
1122,2009-10-31,26,44,46,49,55,56,49 44 56 26 46 55
1123,2009-11-04,4,14,19,39,45,60,19 04 39 14 45 60
1124,2009-11-07,7,11,16,18,33,49,49 11 07 18 16 33
1125,2009-11-11,3,7,29,33,42,56,07 42 56 29 33 03
1126,2009-11-14,4,31,42,52,57,59,59 31 57 04 52 42
1127,2009-11-18,5,8,14,24,29,30,24 08 14 05 29 30
1128,2009-11-21,8,16,24,39,52,60,60 08 39 52 24 16
1129,2009-11-25,12,17,19,32,47,55,47 19 17 12 32 55
1130,2009-11-28,5,18,23,32,49,54,23 49 32 54 18 05
1131,2009-12-02,1,8,16,34,36,49,49 34 36 01 16 08
1132,2009-12-05,12,27,30,33,52,55,52 30 27 12 55 33
1133,2009-12-09,5,10,16,21,39,58,16 05 58 39 10 21
1134,2009-12-12,9,22,29,36,51,56,29 36 56 22 09 51
1135,2009-12-16,4,5,6,19,23,39,05 04 19 39 06 23
1136,2009-12-19,7,31,32,34,37,43,07 31 32 37 43 34
1137,2009-12-22,19,21,25,28,43,50,21 28 19 25 50 43
1138,2009-12-24,2,4,15,18,25,36,04 25 18 15 36 02
1139,2009-12-26,9,28,31,36,37,42,36 42 37 09 28 31
1140,2009-12-31,10,27,40,46,49,58,49 58 40 46 10 27
1141,2010-01-02,9,37,40,50,58,60,40 09 37 58 50 60
1142,2010-01-06,3,15,26,28,31,58,28 31 15 58 03 26
1143,2010-01-09,3,30,35,44,47,60,35 47 60 44 30 03
1144,2010-01-13,1,10,18,19,44,49,19 10 49 18 01 44
1145,2010-01-16,3,16,19,24,33,60,19 03 60 33 24 16
1146,2010-01-20,6,10,28,33,34,53,10 34 53 33 28 06
1147,2010-01-23,6,23,31,33,39,52,23 39 52 31 06 33
1148,2010-01-27,27,28,29,32,48,55,48 32 29 55 27 28
1149,2010-01-30,7,8,23,36,46,54,46 54 08 36 07 23
1150,2010-02-03,15,17,28,31,35,52,28 17 35 52 31 15
1151,2010-02-06,1,4,14,21,25,51,01 25 04 14 21 51
1152,2010-02-10,14,20,29,36,44,47,47 36 44 29 20 14
1153,2010-02-13,6,17,19,34,46,55,55 46 34 17 19 06
1154,2010-02-17,4,12,14,21,26,28,04 14 21 26 12 28
1155,2010-02-20,20,28,40,41,51,58,28 58 41 40 51 20
1156,2010-02-24,9,24,31,44,48,49,31 49 44 24 09 48
1157,2010-02-27,9,29,41,43,46,49,46 09 43 41 49 29
1158,2010-03-03,23,30,31,54,55,60,23 31 60 55 30 54
1159,2010-03-06,5,6,34,46,53,55,53 46 05 06 34 55
1160,2010-03-10,1,3,5,18,40,48,40 05 03 48 01 18
1161,2010-03-13,4,7,42,47,48,51,48 47 07 04 42 51
1162,2010-03-17,18,22,25,30,31,41,31 25 18 41 22 30
1163,2010-03-20,5,17,31,47,51,53,05 51 31 53 47 17
1164,2010-03-24,6,14,17,26,40,49,17 06 14 40 49 26
1165,2010-03-27,20,40,42,52,54,60,20 52 60 42 54 40
1166,2010-03-31,22,28,30,31,35,54,35 28 54 30 22 31
1167,2010-04-03,20,28,43,51,52,56,43 28 56 20 52 51
1168,2010-04-07,4,5,20,47,53,56,47 20 04 56 53 05
1169,2010-04-10,1,11,14,23,42,48,14 01 11 23 42 48
1170,2010-04-14,11,13,27,34,46,49,46 11 27 34 49 13
1171,2010-04-17,3,10,13,30,41,57,41 03 10 30 57 13
1172,2010-04-20,6,12,28,43,52,56,28 52 06 43 12 56
1173,2010-04-24,5,7,24,25,36,47,07 25 24 36 05 47
1174,2010-04-28,6,7,39,47,51,52,07 52 06 51 47 39
1175,2010-04-30,2,3,12,16,37,47,02 03 12 37 47 16
1176,2010-05-05,11,14,21,30,33,49,21 11 49 14 33 30
1177,2010-05-08,33,38,47,50,52,55,33 52 55 47 38 50
1178,2010-05-12,1,22,30,45,50,53,01 53 22 50 45 30
1179,2010-05-15,5,22,28,47,59,60,59 28 47 60 22 05
1180,2010-05-19,12,30,34,44,57,60,60 12 34 30 44 57
1181,2010-05-22,18,20,26,31,44,45,44 18 45 31 26 20
1182,2010-05-26,2,4,29,52,56,60,52 29 56 60 02 04
1183,2010-05-29,5,10,12,20,29,37,12 05 10 20 29 37
1184,2010-06-02,4,9,23,27,28,30,04 23 27 28 09 30
1185,2010-06-05,2,10,21,35,43,54,54 10 02 43 21 35
1186,2010-06-09,7,8,12,13,15,41,41 12 15 07 13 08
1187,2010-06-12,8,17,19,40,43,49,08 49 43 17 40 19
1188,2010-06-16,9,20,44,52,59,60,60 52 59 09 44 20
1189,2010-06-19,14,21,27,31,35,50,50 21 14 35 31 27
1190,2010-06-23,10,11,19,37,53,56,11 53 56 37 10 19
1191,2010-06-26,3,11,16,22,25,33,25 22 11 16 33 03
1192,2010-06-30,17,20,49,52,57,59,49 17 20 59 57 52
1193,2010-07-03,2,9,12,14,32,54,12 54 02 32 14 09
1194,2010-07-07,6,13,24,41,50,53,24 53 41 06 13 50
1195,2010-07-10,17,20,26,27,55,57,27 17 57 26 55 20
1196,2010-07-14,3,6,19,20,58,60,60 03 20 19 58 06
1197,2010-07-17,36,37,39,49,54,60,39 54 36 37 60 49
1198,2010-07-21,22,29,36,41,48,58,29 22 36 58 41 48
1199,2010-07-24,16,19,23,28,39,58,58 28 23 39 16 19
1200,2010-07-28,3,10,11,39,54,56,10 03 39 54 56 11
1201,2010-07-31,28,32,36,49,55,60,36 32 55 49 60 28
1202,2010-08-04,8,9,11,48,53,60,09 60 11 53 48 08
1203,2010-08-07,7,9,30,33,38,55,55 30 33 09 07 38
1204,2010-08-11,5,10,25,39,43,52,10 25 05 39 52 43
1205,2010-08-14,4,13,14,26,29,35,14 04 26 35 29 13
1206,2010-08-18,2,6,11,36,37,48,02 11 37 36 48 06
1207,2010-08-21,9,11,22,32,35,56,32 35 22 09 56 11
1208,2010-08-25,1,12,20,26,45,54,45 12 01 26 54 20
1209,2010-08-28,5,14,17,30,35,38,30 17 38 14 05 35
1210,2010-09-01,3,7,9,10,31,34,03 07 09 10 31 34
1211,2010-09-04,3,15,31,36,48,54,36 54 03 31 15 48
1212,2010-09-08,2,23,33,35,40,50,35 50 02 23 33 40
1213,2010-09-11,3,11,26,34,45,53,03 53 45 11 34 26
1214,2010-09-15,5,29,30,36,41,48,05 41 29 36 30 48
1215,2010-09-18,10,25,30,47,50,51,47 51 10 50 30 25
1216,2010-09-22,4,7,13,25,27,58,07 25 04 58 13 27
1217,2010-09-25,5,11,15,28,43,50,05 43 28 15 11 50
1218,2010-09-29,10,23,29,31,33,46,33 23 29 46 10 31
1219,2010-10-02,2,33,34,37,41,53,34 37 41 53 02 33
1220,2010-10-06,5,15,43,48,52,55,48 55 52 43 05 15
1221,2010-10-09,5,14,37,43,46,58,46 05 58 37 14 43
1222,2010-10-13,5,8,19,26,48,57,26 19 48 57 05 08
1223,2010-10-16,15,17,35,42,47,48,17 15 48 42 35 47
1224,2010-10-20,19,21,27,41,53,57,41 19 57 53 21 27
1225,2010-10-23,31,32,34,40,50,55,32 55 34 31 50 40
1226,2010-10-27,10,31,40,50,55,56,31 55 56 50 40 10
1227,2010-10-30,4,28,30,31,35,54,35 31 04 30 54 28
1228,2010-11-03,10,23,36,50,52,60,36 10 60 52 50 23
1229,2010-11-06,12,30,32,40,49,60,12 49 60 32 30 40
1230,2010-11-10,9,12,19,22,35,37,37 35 12 22 19 09
1231,2010-11-13,5,20,23,27,39,49,20 27 49 05 23 39
1232,2010-11-17,8,11,12,15,18,22,12 18 15 08 11 22
1233,2010-11-20,22,29,32,49,54,59,49 22 59 29 32 54
1234,2010-11-24,3,5,19,24,30,35,03 05 24 19 30 35
1235,2010-11-27,10,16,20,26,49,55,16 49 55 20 10 26
1236,2010-12-01,3,8,17,20,38,53,17 20 38 08 53 03
1237,2010-12-04,5,18,21,26,39,59,26 21 39 05 18 59
1238,2010-12-08,13,14,24,39,40,45,40 45 24 14 13 39
1239,2010-12-11,1,15,37,39,48,52,15 01 48 37 39 52
1240,2010-12-15,8,9,12,22,42,49,22 42 49 08 12 09
1241,2010-12-18,10,13,25,26,28,45,13 26 25 10 28 45
1242,2010-12-20,11,34,45,48,51,54,54 45 51 11 34 48
1243,2010-12-22,9,19,23,29,32,57,32 19 23 57 09 29
1244,2010-12-24,2,8,15,25,34,45,45 08 34 15 02 25
1245,2010-12-31,2,10,34,37,43,50,34 10 37 50 43 02
1246,2011-01-05,10,37,40,43,57,59,59 10 37 57 40 43
1247,2011-01-08,3,9,11,24,36,51,09 11 24 03 51 36
1248,2011-01-12,20,33,34,57,58,60,20 33 58 34 57 60
1249,2011-01-15,3,8,36,40,51,53,03 40 08 53 51 36
1250,2011-01-19,1,2,24,40,51,59,59 01 02 40 51 24
1251,2011-01-22,5,27,34,46,48,52,48 27 34 52 46 05
1252,2011-01-26,2,14,35,39,49,51,35 02 51 14 49 39
1253,2011-01-29,2,17,23,43,44,51,02 51 17 44 43 23
1254,2011-02-02,7,9,14,18,29,39,09 29 18 07 14 39
1255,2011-02-05,5,23,38,39,51,54,23 05 54 39 38 51
1256,2011-02-09,26,33,35,38,43,53,26 38 33 35 53 43
1257,2011-02-12,2,15,26,27,30,52,27 15 30 52 26 02
1258,2011-02-16,11,26,47,55,57,59,47 26 11 57 59 55
1259,2011-02-19,4,6,39,46,54,58,39 54 58 46 04 06
1260,2011-02-23,19,23,29,31,41,53,19 23 31 53 29 41
1261,2011-02-26,10,14,22,41,42,53,10 41 14 22 53 42
1262,2011-03-02,5,7,8,9,11,39,11 39 09 05 08 07
1263,2011-03-05,4,18,26,36,41,53,41 53 18 04 36 26
1264,2011-03-09,4,17,36,37,51,56,56 17 37 51 04 36
1265,2011-03-12,13,19,24,46,50,60,13 50 46 24 60 19
1266,2011-03-16,6,10,33,39,42,60,39 06 42 10 60 33
1267,2011-03-19,4,20,30,41,47,58,47 58 04 41 20 30
1268,2011-03-23,3,16,17,44,53,60,17 53 60 44 16 03
1269,2011-03-26,4,5,15,17,27,51,51 05 27 04 15 17
1270,2011-03-30,5,9,24,31,33,42,31 33 24 05 42 09
1271,2011-04-02,1,2,39,48,52,59,02 52 39 59 48 01
1272,2011-04-06,13,26,27,28,35,52,28 27 13 35 26 52
1273,2011-04-09,13,19,26,40,58,60,60 26 19 58 13 40
1274,2011-04-13,13,17,21,39,40,59,13 59 21 17 40 39
1275,2011-04-16,2,14,48,55,58,60,58 55 14 02 60 48
1276,2011-04-20,5,9,11,22,36,40,09 40 05 22 36 11
1277,2011-04-23,12,18,31,50,59,60,50 59 18 31 60 12
1278,2011-04-27,4,16,24,25,30,56,04 16 24 56 25 30
1279,2011-04-30,8,14,29,35,36,40,08 29 36 35 14 40
1280,2011-05-04,6,10,16,20,29,54,29 06 54 10 20 16
1281,2011-05-07,8,11,14,30,36,38,36 14 30 38 11 08
1282,2011-05-11,4,23,39,52,55,56,04 39 56 23 52 55
1283,2011-05-14,8,30,40,44,59,60,59 08 60 44 40 30
1284,2011-05-18,20,21,26,29,31,36,26 21 20 36 31 29
1285,2011-05-21,10,15,28,31,33,38,33 10 15 38 31 28
1286,2011-05-25,2,5,28,33,51,52,05 52 02 33 51 28
1287,2011-05-28,11,12,31,33,42,52,33 42 12 31 11 52
1288,2011-06-01,17,30,32,40,42,56,42 32 56 40 30 17
1289,2011-06-04,1,3,8,13,27,52,13 08 27 01 03 52
1290,2011-06-08,2,3,14,23,34,50,14 50 03 23 02 34
1291,2011-06-11,18,40,47,54,57,58,18 57 58 40 47 54
1292,2011-06-15,9,11,23,30,31,54,30 31 23 09 54 11
1293,2011-06-18,1,13,24,40,44,50,24 50 01 44 13 40
1294,2011-06-22,4,6,29,48,50,51,06 50 04 48 29 51
1295,2011-06-25,2,5,15,20,43,57,20 02 43 15 05 57
1296,2011-06-29,10,14,43,46,49,53,49 43 14 10 53 46
1297,2011-07-02,2,5,11,13,56,59,02 56 11 05 59 13
1298,2011-07-06,14,15,30,53,55,60,60 14 53 30 15 55
1299,2011-07-09,8,22,32,43,53,56,56 32 08 22 43 53
1300,2011-07-13,43,44,46,53,54,59,46 43 59 54 44 53
1301,2011-07-16,3,16,23,25,51,56,16 25 03 51 23 56
1302,2011-07-20,2,10,15,44,56,57,44 15 56 02 10 57
1303,2011-07-23,8,19,46,51,52,54,19 51 54 08 52 46
1304,2011-07-27,7,14,15,20,23,35,35 23 15 07 20 14
1305,2011-07-30,3,5,11,36,44,46,44 11 05 46 36 03
1306,2011-08-03,6,19,22,34,43,45,45 06 19 34 43 22
1307,2011-08-06,7,10,32,43,47,54,10 47 54 07 43 32
1308,2011-08-09,7,8,24,30,33,47,24 33 07 30 47 08
1309,2011-08-11,7,12,25,26,32,39,07 12 25 26 32 39
1310,2011-08-13,8,9,14,32,53,59,14 08 53 09 59 32
1311,2011-08-17,7,9,12,19,45,54,54 07 19 12 45 09
1312,2011-08-20,5,20,22,28,29,30,28 30 29 22 20 05
1313,2011-08-24,1,4,26,39,43,49,39 26 49 01 04 43
1314,2011-08-27,38,42,44,52,58,60,42 44 52 58 60 38
1315,2011-08-31,1,27,29,38,50,52,27 29 01 50 52 38
1316,2011-09-03,8,13,25,34,42,48,48 34 25 42 13 08
1317,2011-09-08,6,13,29,30,35,37,35 29 37 13 06 30
1318,2011-09-10,11,14,16,28,34,46,34 46 14 28 11 16
1319,2011-09-14,4,5,16,18,27,51,16 04 18 27 05 51
1320,2011-09-17,17,24,25,38,41,55,38 17 55 41 24 25
1321,2011-09-21,10,47,51,53,59,60,51 59 47 10 60 53
1322,2011-09-24,10,21,43,47,53,55,55 43 21 10 47 53
1323,2011-09-28,6,15,25,37,48,55,25 37 15 06 48 55
1324,2011-10-01,18,29,31,44,51,57,29 44 51 31 18 57
1325,2011-10-05,2,5,16,20,35,43,35 02 20 43 05 16
1326,2011-10-08,10,11,18,19,30,50,30 19 10 18 50 11
1327,2011-10-13,16,35,36,41,52,54,41 35 36 16 52 54
1328,2011-10-15,10,23,27,43,53,59,43 27 59 53 23 10
1329,2011-10-19,7,8,11,39,43,50,43 50 08 07 39 11
1330,2011-10-22,8,18,21,30,48,49,48 08 21 18 49 30
1331,2011-10-26,9,24,26,39,46,57,24 46 39 57 26 09
1332,2011-10-29,3,5,13,24,35,59,05 13 03 24 35 59
1333,2011-11-03,25,26,28,33,42,51,25 51 26 42 28 33
1334,2011-11-05,1,6,8,10,25,27,08 25 27 06 10 01
1335,2011-11-09,3,14,20,22,49,51,49 03 51 20 22 14
1336,2011-11-12,1,32,38,47,51,54,51 54 32 01 38 47
1337,2011-11-16,2,20,35,38,45,51,38 02 45 35 20 51
1338,2011-11-19,1,18,19,33,43,60,19 33 18 43 60 01
1339,2011-11-23,7,10,14,16,54,59,59 10 16 14 07 54
1340,2011-11-26,13,21,30,36,59,60,36 21 13 59 60 30
1341,2011-11-30,1,11,20,37,40,52,11 40 37 20 01 52
1342,2011-12-03,5,7,42,46,50,60,05 60 46 42 50 07
1343,2011-12-07,19,20,31,42,51,56,51 31 42 20 56 19
1344,2011-12-10,8,19,21,36,42,59,19 42 08 36 21 59
1345,2011-12-14,7,17,19,26,40,50,50 40 26 07 19 17
1346,2011-12-17,12,32,40,47,48,59,59 47 32 48 40 12
1347,2011-12-20,9,19,45,46,54,56,19 45 54 56 46 09
1348,2011-12-22,7,12,38,39,45,56,38 45 39 07 12 56
1349,2011-12-24,9,19,20,50,51,60,09 19 20 50 60 51
1350,2011-12-31,3,4,29,36,45,55,04 36 29 55 45 03
1351,2012-01-04,13,33,36,41,50,56,13 50 41 36 56 33
1352,2012-01-07,9,18,24,35,36,59,35 59 36 09 18 24
1353,2012-01-11,3,11,13,27,32,47,47 11 03 27 32 13
1354,2012-01-14,2,8,38,42,48,49,02 42 08 49 48 38
1355,2012-01-18,11,17,24,39,46,49,39 49 11 24 17 46
1356,2012-01-21,6,13,21,22,31,46,21 46 06 22 13 31
1357,2012-01-25,1,19,24,26,52,55,55 52 26 19 01 24
1358,2012-01-28,3,15,16,35,37,47,16 15 37 03 35 47
1359,2012-02-01,6,10,12,17,28,53,12 17 28 53 06 10
1360,2012-02-04,2,16,17,25,50,54,50 25 17 16 54 02
1361,2012-02-08,23,27,30,37,38,44,37 27 44 30 38 23
1362,2012-02-11,2,12,19,22,36,58,58 19 12 22 02 36
1363,2012-02-15,25,35,42,45,52,57,52 25 42 45 35 57
1364,2012-02-18,10,13,20,40,44,53,20 13 40 10 53 44
1365,2012-02-22,2,24,26,32,35,50,50 35 32 26 02 24
1366,2012-02-25,12,27,37,44,54,59,59 44 54 37 27 12
1367,2012-03-01,2,7,13,29,38,43,38 29 43 13 07 02
1368,2012-03-03,10,21,26,29,32,38,10 26 29 38 32 21
1369,2012-03-07,5,16,24,32,38,46,32 24 16 38 05 46
1370,2012-03-10,2,4,5,27,49,59,02 27 59 49 04 05
1371,2012-03-14,3,4,8,11,47,49,47 11 08 49 03 04
1372,2012-03-17,3,36,40,46,58,60,46 60 58 36 40 03
1373,2012-03-21,7,27,39,52,55,57,52 39 07 27 55 57
1374,2012-03-24,6,21,28,31,33,43,21 33 28 31 43 06
1375,2012-03-28,14,25,28,45,53,58,25 28 53 45 14 58
1376,2012-03-31,9,11,21,49,53,54,53 49 21 11 54 09
1377,2012-04-04,2,5,12,13,25,35,25 05 13 12 35 02
1378,2012-04-07,2,5,17,18,54,59,18 17 59 02 54 05
1379,2012-04-11,5,12,36,45,50,58,45 05 36 12 50 58
1380,2012-04-14,3,14,52,55,57,60,52 14 03 60 57 55
1381,2012-04-18,11,27,30,40,44,57,44 30 27 11 40 57
1382,2012-04-20,5,13,16,17,27,55,17 27 55 13 05 16
1383,2012-04-25,7,9,23,44,46,55,09 55 23 44 07 46
1384,2012-04-28,2,18,30,31,45,56,56 18 31 02 30 45
1385,2012-05-02,27,35,36,37,42,59,42 37 35 27 59 36
1386,2012-05-05,12,28,38,39,51,56,39 56 28 12 51 38
1387,2012-05-09,18,27,32,43,50,52,43 27 18 52 50 32
1388,2012-05-12,22,29,31,43,50,54,54 31 50 43 29 22
1389,2012-05-16,1,16,28,39,44,57,01 44 39 16 57 28
1390,2012-05-19,4,19,27,28,29,31,29 27 19 04 28 31
1391,2012-05-23,7,12,19,34,40,53,19 07 12 34 53 40
1392,2012-05-26,2,8,12,28,33,43,43 08 02 28 33 12
1393,2012-05-30,4,18,24,28,39,44,44 28 18 24 04 39
1394,2012-06-02,11,16,24,35,46,50,11 35 16 46 24 50
1395,2012-06-06,5,11,17,19,44,48,05 44 11 19 17 48
1396,2012-06-09,29,48,52,54,55,58,52 48 54 58 55 29
1397,2012-06-13,3,4,7,15,27,56,15 56 03 27 04 07
1398,2012-06-16,14,32,33,40,42,51,42 51 14 40 32 33
1399,2012-06-20,34,39,43,56,57,60,39 43 60 57 34 56
1400,2012-06-23,9,26,34,43,53,54,34 26 09 43 54 53
1401,2012-06-27,11,12,25,33,48,54,12 11 54 33 48 25
1402,2012-06-30,2,9,10,21,27,38,38 10 27 02 21 09
1403,2012-07-04,13,16,20,26,39,42,16 39 13 26 42 20
1404,2012-07-07,7,8,27,31,32,51,07 32 31 51 27 08
1405,2012-07-11,3,14,17,32,37,39,14 17 32 37 39 03
1406,2012-07-14,7,10,17,24,38,57,07 10 38 17 24 57
1407,2012-07-18,18,29,31,42,43,53,53 42 31 43 29 18
1408,2012-07-21,4,19,20,24,39,43,43 39 20 19 24 04
1409,2012-07-25,6,19,26,47,50,58,50 06 47 58 26 19
1410,2012-07-28,18,29,40,42,50,54,54 29 18 42 40 50
1411,2012-08-01,8,12,32,44,46,48,32 44 12 08 48 46
1412,2012-08-04,6,8,24,37,41,45,06 08 37 24 45 41
1413,2012-08-07,13,15,33,45,54,55,54 33 13 55 45 15
1414,2012-08-09,21,37,44,46,49,57,44 49 57 37 21 46
1415,2012-08-11,26,36,40,46,49,51,51 49 46 40 36 26
1416,2012-08-15,3,19,22,24,35,49,49 03 19 35 22 24
1417,2012-08-18,5,12,45,52,56,59,12 56 05 52 45 59
1418,2012-08-22,7,8,10,12,27,56,07 08 10 27 12 56
1419,2012-08-25,17,21,30,48,52,58,52 21 48 58 30 17
1420,2012-08-29,2,11,16,18,36,45,45 16 18 11 36 02
1421,2012-09-01,19,31,39,44,53,59,31 39 59 19 53 44
1422,2012-09-05,2,5,13,17,39,44,17 44 02 05 13 39
1423,2012-09-08,3,8,21,25,27,43,43 08 21 27 03 25
1424,2012-09-12,3,7,15,29,38,60,60 38 29 03 07 15
1425,2012-09-15,7,16,29,36,38,50,07 29 50 16 38 36
1426,2012-09-19,6,15,18,24,30,44,24 44 06 15 18 30
1427,2012-09-22,8,39,44,47,53,56,47 44 53 56 08 39
1428,2012-09-26,7,15,19,34,37,55,15 55 37 34 19 07
1429,2012-09-29,9,12,22,39,48,60,09 22 60 48 12 39
1430,2012-10-03,2,19,22,30,46,52,19 02 30 46 22 52
1431,2012-10-06,5,9,13,33,40,54,33 54 40 05 09 13
1432,2012-10-10,16,24,25,42,45,59,16 24 25 45 59 42
1433,2012-10-13,4,13,14,40,46,52,14 46 40 13 04 52
1434,2012-10-17,3,18,22,34,55,58,03 34 58 22 18 55
1435,2012-10-20,4,15,45,47,50,52,45 47 50 52 15 04
1436,2012-10-24,1,13,23,24,30,57,01 23 13 30 24 57
1437,2012-10-27,22,23,26,37,38,48,48 37 26 22 38 23
1438,2012-10-31,7,14,31,33,36,49,49 07 33 31 36 14
1439,2012-11-03,2,34,35,42,43,55,35 55 02 43 34 42
1440,2012-11-07,2,6,28,36,51,56,06 28 56 02 36 51
1441,2012-11-10,17,29,36,38,53,56,56 29 53 36 38 17
1442,2012-11-14,12,13,20,30,34,49,12 20 13 49 34 30
1443,2012-11-17,12,20,32,48,52,54,52 32 12 54 20 48
1444,2012-11-21,2,5,27,28,48,55,02 05 55 28 27 48
1445,2012-11-24,5,19,32,41,49,58,41 32 19 58 05 49
1446,2012-11-28,6,13,24,32,40,51,13 32 06 51 40 24
1447,2012-12-01,1,19,28,33,39,41,01 41 28 33 39 19
1448,2012-12-05,1,25,29,36,56,60,25 29 36 01 56 60
1449,2012-12-08,2,6,18,30,52,56,02 18 30 56 52 06
1450,2012-12-12,26,27,31,38,44,45,27 45 44 26 38 31
1451,2012-12-15,2,10,11,33,52,57,57 10 33 02 11 52
1452,2012-12-18,2,14,28,50,57,58,50 57 58 28 02 14
1453,2012-12-20,6,13,25,32,47,57,47 32 25 57 06 13
1454,2012-12-22,4,27,29,41,48,52,27 52 41 29 04 48
1455,2012-12-31,14,32,33,36,41,52,33 14 52 36 32 41
1456,2013-01-02,6,8,14,26,36,40,36 06 40 14 08 26
1457,2013-01-05,15,16,34,42,46,59,34 16 46 15 42 59
1458,2013-01-09,2,4,16,33,44,51,02 16 04 44 33 51
1459,2013-01-12,2,6,30,34,35,52,02 06 35 30 52 34
1460,2013-01-16,4,14,27,38,50,52,50 52 14 04 27 38
1461,2013-01-19,31,36,44,47,49,54,44 31 49 54 36 47
1462,2013-01-23,5,9,25,27,38,40,05 09 25 40 38 27
1463,2013-01-26,13,22,28,29,40,48,40 22 13 29 48 28
1464,2013-01-30,2,24,32,50,54,59,59 02 54 32 24 50
1465,2013-02-02,6,11,16,26,44,53,11 06 53 44 16 26
1466,2013-02-06,4,6,13,34,37,51,04 13 51 37 06 34
1467,2013-02-09,23,24,26,41,52,53,41 53 26 23 52 24
1468,2013-02-13,1,2,10,19,20,37,02 20 37 19 01 10
1469,2013-02-16,4,13,35,54,56,58,04 56 54 13 35 58
1470,2013-02-20,2,34,36,38,51,55,02 34 51 36 38 55
1471,2013-02-23,10,25,33,36,40,58,58 33 36 40 25 10
1472,2013-02-27,12,18,23,25,45,50,12 23 25 18 45 50
1473,2013-03-02,2,12,33,57,58,60,60 12 57 58 33 02
1474,2013-03-06,1,2,3,11,28,43,02 43 11 01 03 28
1475,2013-03-09,12,13,37,44,48,51,13 12 51 37 48 44
1476,2013-03-13,4,10,26,37,47,57,26 10 04 37 47 57
1477,2013-03-16,3,4,46,50,56,59,50 59 56 46 03 04
1478,2013-03-20,10,27,37,40,47,55,10 40 27 47 55 37
1479,2013-03-23,21,48,50,54,57,60,57 21 54 48 50 60
1480,2013-03-27,9,14,21,26,36,52,09 14 26 36 52 21
1481,2013-03-30,17,27,28,40,44,55,40 27 55 17 28 44
1482,2013-04-03,6,9,11,34,41,53,11 09 06 34 41 53
1483,2013-04-06,1,35,39,53,55,56,55 53 01 35 56 39
1484,2013-04-10,17,20,24,29,49,53,49 29 17 53 20 24
1485,2013-04-13,4,27,30,36,54,59,30 59 27 36 04 54
1486,2013-04-17,1,6,10,34,40,54,10 01 34 54 06 40
1487,2013-04-20,4,9,17,23,28,53,04 17 23 28 09 53
1488,2013-04-24,4,22,25,38,45,51,04 51 45 22 38 25
1489,2013-04-27,1,15,24,26,28,48,48 15 24 28 01 26
1490,2013-05-02,1,3,31,32,43,52,31 32 43 03 52 01
1491,2013-05-04,6,26,45,50,56,60,56 06 45 60 26 50
1492,2013-05-08,4,9,18,44,46,48,48 44 46 04 18 09
1493,2013-05-11,7,12,24,27,30,49,30 24 12 49 07 27
1494,2013-05-15,2,14,24,28,35,50,50 28 35 24 02 14
1495,2013-05-18,4,13,14,44,49,57,13 49 04 44 14 57
1496,2013-05-22,14,18,28,41,47,54,28 18 41 54 14 47
1497,2013-05-25,4,5,7,27,45,58,58 07 27 45 04 05
1498,2013-05-29,6,11,27,40,46,49,11 46 27 49 06 40
1499,2013-06-01,8,22,26,33,37,54,26 37 08 22 54 33
1500,2013-06-05,10,18,31,43,57,59,57 43 18 59 10 31
1501,2013-06-08,1,7,13,29,37,54,13 37 54 07 29 01
1502,2013-06-12,6,22,43,51,52,57,06 43 22 52 57 51
1503,2013-06-15,3,4,16,22,36,42,36 22 42 03 16 04
1504,2013-06-19,2,10,12,30,41,42,41 02 42 30 12 10
1505,2013-06-22,1,2,6,9,16,32,32 01 06 09 16 02
1506,2013-06-26,3,14,18,34,42,49,49 34 42 18 03 14
1507,2013-06-29,24,46,50,51,52,56,46 24 51 50 56 52
1508,2013-07-03,17,18,30,35,39,58,58 39 18 17 35 30
1509,2013-07-06,1,6,27,46,51,59,27 51 01 46 59 06
1510,2013-07-10,1,8,17,44,46,53,01 08 44 17 46 53
1511,2013-07-13,4,8,17,29,31,45,08 29 31 04 17 45
1512,2013-07-17,11,28,35,42,46,58,35 11 28 46 42 58
1513,2013-07-20,17,28,31,56,57,58,31 57 17 56 28 58
1514,2013-07-24,16,17,23,42,59,60,23 16 17 59 42 60
1515,2013-07-27,4,13,14,18,49,59,59 49 13 18 04 14
1516,2013-07-31,4,18,20,34,45,60,34 60 18 45 04 20
1517,2013-08-03,7,17,38,45,52,56,45 38 52 17 07 56
1518,2013-08-06,8,9,28,41,48,55,28 08 55 41 48 09
1519,2013-08-08,5,6,15,23,56,59,06 23 56 15 05 59
1520,2013-08-10,7,31,35,36,46,48,36 46 48 31 07 35
1521,2013-08-14,11,14,18,30,33,39,18 30 14 11 33 39
1522,2013-08-17,5,8,23,32,33,56,33 05 23 32 08 56
1523,2013-08-21,22,25,31,39,41,44,25 39 44 41 31 22
1524,2013-08-24,2,12,40,46,52,53,40 53 12 46 02 52
1525,2013-08-28,2,26,30,35,46,54,30 46 35 54 26 02
1526,2013-08-31,10,16,28,47,51,59,51 47 28 10 59 16
1527,2013-09-04,16,32,36,42,44,48,32 44 42 48 16 36
1528,2013-09-06,4,13,15,19,36,58,04 13 58 36 19 15
1529,2013-09-11,11,15,17,34,35,49,35 17 15 34 49 11
1530,2013-09-14,10,16,28,33,48,53,53 10 28 16 48 33
1531,2013-09-18,12,13,24,41,42,44,24 41 12 42 44 13
1532,2013-09-21,2,11,23,31,42,44,42 02 11 23 31 44
1533,2013-09-25,13,21,29,34,47,57,29 21 47 57 13 34
1534,2013-09-28,1,12,28,29,34,48,28 12 34 29 01 48
1535,2013-10-02,8,9,25,41,54,55,55 25 09 08 54 41
1536,2013-10-05,13,18,29,32,50,58,18 32 29 13 50 58
1537,2013-10-09,6,10,33,50,51,56,06 56 33 50 51 10
1538,2013-10-11,23,27,35,52,53,57,35 52 27 53 57 23
1539,2013-10-16,8,10,20,26,49,58,10 49 08 58 20 26
1540,2013-10-19,3,17,27,32,47,54,54 47 27 17 03 32
1541,2013-10-23,5,24,37,44,49,58,37 05 24 44 49 58
1542,2013-10-26,7,11,12,30,39,57,07 12 57 11 30 39
1543,2013-10-30,7,15,20,23,30,41,30 07 23 20 15 41
1544,2013-11-01,2,21,30,35,45,50,30 50 45 02 35 21
1545,2013-11-06,4,6,11,24,45,48,06 48 11 45 04 24
1546,2013-11-09,4,17,38,44,53,60,38 44 17 60 04 53
1547,2013-11-13,2,9,10,18,21,28,28 21 09 10 02 18
1548,2013-11-16,19,41,42,44,47,54,44 41 42 54 47 19
1549,2013-11-20,10,12,16,20,32,53,32 53 16 20 12 10
1550,2013-11-23,9,13,21,27,36,56,21 56 36 09 13 27
1551,2013-11-27,2,15,19,21,23,38,02 23 38 15 21 19
1552,2013-11-30,7,18,24,26,39,46,07 18 26 46 39 24
1553,2013-12-04,20,21,22,29,46,60,29 21 20 46 22 60
1554,2013-12-07,30,32,49,50,52,53,30 52 50 49 53 32
1555,2013-12-11,2,5,23,33,52,59,05 52 59 02 33 23
1556,2013-12-14,1,4,7,10,11,52,07 52 11 10 01 04
1557,2013-12-17,4,16,18,31,45,46,46 18 16 45 31 04
1558,2013-12-19,7,15,17,31,42,54,31 42 15 07 17 54
1559,2013-12-21,8,12,16,29,37,58,37 58 12 29 08 16
1560,2013-12-31,20,30,36,38,47,53,30 47 53 38 20 36
1561,2014-01-02,23,26,28,54,55,60,28 26 54 55 23 60
1562,2014-01-04,10,12,23,37,47,51,12 10 51 37 23 47
1563,2014-01-09,1,6,13,20,36,43,43 36 01 20 13 06
1564,2014-01-11,25,38,44,46,53,54,54 44 38 25 46 53
1565,2014-01-15,18,37,39,41,43,51,43 41 37 51 18 39
1566,2014-01-18,5,6,11,32,36,60,11 32 60 05 06 36
1567,2014-01-22,2,15,30,38,48,53,53 38 30 02 15 48
1568,2014-01-25,19,24,25,28,42,58,28 58 19 24 42 25
1569,2014-01-29,5,15,18,31,42,53,42 15 18 31 05 53
1570,2014-02-01,15,18,24,42,46,56,18 46 42 15 56 24
1571,2014-02-05,3,29,32,46,55,60,46 60 55 32 03 29
1572,2014-02-08,20,27,42,45,46,47,46 42 27 45 20 47
1573,2014-02-12,7,16,21,35,36,38,07 16 36 35 38 21
1574,2014-02-15,6,27,28,33,46,48,06 28 33 48 46 27
1575,2014-02-19,1,4,5,14,45,56,01 05 04 45 14 56
1576,2014-02-22,13,15,21,26,30,46,26 30 21 15 13 46
1577,2014-02-26,11,14,25,32,51,59,25 32 11 59 51 14
1578,2014-03-01,3,6,30,37,53,56,06 53 56 30 37 03
1579,2014-03-05,25,34,40,49,51,60,34 25 40 51 60 49
1580,2014-03-08,1,6,14,17,33,36,01 06 14 17 33 36
1581,2014-03-12,14,15,25,30,31,34,31 34 15 14 25 30
1582,2014-03-15,1,4,13,17,38,48,04 17 01 48 13 38
1583,2014-03-19,2,9,17,18,45,47,18 02 09 47 17 45
1584,2014-03-22,3,22,27,28,50,54,27 54 28 50 22 03
1585,2014-03-26,2,43,47,48,49,55,55 47 43 48 49 02
1586,2014-03-29,8,39,43,46,47,58,47 58 08 43 39 46
1587,2014-04-02,8,19,21,30,52,56,08 21 19 30 52 56
1588,2014-04-05,23,29,32,36,45,49,36 29 23 49 32 45
1589,2014-04-09,4,5,11,19,41,51,11 41 51 05 19 04
1590,2014-04-12,7,20,34,40,44,55,40 07 44 55 34 20
1591,2014-04-16,4,10,23,33,38,55,04 23 55 10 38 33
1592,2014-04-19,31,36,38,41,42,49,41 49 36 42 31 38
1593,2014-04-23,4,9,17,18,21,38,04 17 38 09 18 21
1594,2014-04-26,6,7,8,23,43,53,53 43 23 06 07 08
1595,2014-04-30,2,5,8,42,46,59,59 05 42 08 46 02
1596,2014-05-03,1,5,7,10,12,45,05 12 01 07 45 10
1597,2014-05-07,5,10,16,44,50,52,16 52 05 44 10 50
1598,2014-05-10,29,31,36,42,47,53,36 47 42 29 53 31
1599,2014-05-14,3,10,15,35,36,58,35 10 15 58 36 03
1600,2014-05-17,9,23,32,35,46,57,09 46 23 32 35 57
1601,2014-05-21,8,10,24,45,56,60,60 24 56 45 10 08
1602,2014-05-24,8,12,22,35,40,44,08 44 40 35 22 12
1603,2014-05-28,13,20,27,31,53,60,13 53 20 31 60 27
1604,2014-05-31,2,21,24,27,40,51,21 40 51 27 24 02
1605,2014-06-04,9,19,21,30,31,42,42 30 09 19 31 21
1606,2014-06-07,1,15,37,42,46,54,54 01 15 37 46 42
1607,2014-06-11,7,31,32,41,51,52,32 41 51 07 31 52
1608,2014-06-14,5,6,17,43,54,59,06 43 17 05 54 59
1609,2014-06-18,2,6,13,26,53,60,02 26 06 13 53 60
1610,2014-06-21,1,4,9,35,36,53,36 53 35 09 01 04
1611,2014-06-25,24,28,47,50,51,58,24 51 50 28 58 47
1612,2014-06-28,6,13,17,36,42,51,17 51 36 06 42 13
1613,2014-07-02,4,18,31,44,46,49,31 18 04 46 44 49
1614,2014-07-05,14,17,21,27,43,49,49 27 43 17 14 21
1615,2014-07-09,5,20,26,31,33,44,26 20 05 44 33 31
1616,2014-07-12,28,31,40,42,46,58,46 40 58 31 28 42
1617,2014-07-16,3,23,26,31,47,54,23 31 47 54 03 26
1618,2014-07-19,9,20,24,43,51,52,09 51 20 24 52 43
1619,2014-07-23,5,8,17,42,46,47,46 17 05 42 47 08
1620,2014-07-26,13,23,27,34,38,57,57 23 38 13 34 27
1621,2014-07-30,10,22,24,38,39,49,24 22 38 49 10 39
1622,2014-08-02,4,5,7,21,45,53,21 07 05 53 45 04
1623,2014-08-05,33,43,49,50,56,59,33 56 59 43 50 49
1624,2014-08-07,2,27,32,41,47,58,32 02 27 47 58 41
1625,2014-08-09,11,22,36,40,45,52,45 11 22 52 36 40
1626,2014-08-13,3,5,14,35,43,52,03 52 05 43 35 14
1627,2014-08-16,20,26,32,41,45,57,26 57 20 32 45 41
1628,2014-08-20,26,29,34,38,50,60,38 26 60 34 29 50
1629,2014-08-23,4,20,24,35,47,59,47 20 35 04 59 24
1630,2014-08-27,1,7,30,43,44,54,30 43 07 44 01 54
1631,2014-08-30,4,29,44,47,48,60,47 48 44 60 04 29
1632,2014-09-03,6,18,24,27,56,59,18 56 27 06 24 59
1633,2014-09-06,1,2,11,13,36,49,02 11 49 13 36 01
1634,2014-09-10,9,10,23,33,44,51,44 09 33 10 23 51
1635,2014-09-13,8,23,28,30,32,51,30 32 51 08 28 23
1636,2014-09-17,19,26,33,35,51,52,33 19 52 51 35 26
1637,2014-09-20,1,5,24,47,55,56,05 56 24 55 01 47
1638,2014-09-24,1,2,38,41,42,58,38 02 42 58 41 01
1639,2014-09-27,16,29,34,35,49,51,35 51 34 49 16 29
1640,2014-10-01,2,6,18,23,31,46,06 18 46 23 31 02
1641,2014-10-04,23,29,30,33,46,51,51 30 29 33 46 23
1642,2014-10-08,3,23,42,43,47,60,47 03 43 42 60 23
1643,2014-10-11,16,19,20,28,37,60,19 20 16 60 28 37
1644,2014-10-15,10,13,16,22,34,60,10 16 34 13 60 22
1645,2014-10-18,8,18,21,31,37,38,31 37 21 38 08 18
1646,2014-10-22,19,23,34,40,41,58,34 23 41 19 40 58
1647,2014-10-25,12,17,23,38,53,54,38 54 23 12 17 53
1648,2014-10-29,15,16,18,20,22,48,48 18 15 22 20 16
1649,2014-11-01,24,33,38,42,44,54,54 33 24 44 38 42
1650,2014-11-05,17,23,29,38,57,60,23 57 29 17 60 38
1651,2014-11-08,8,27,35,38,41,44,27 44 08 35 38 41
1652,2014-11-12,7,24,26,28,44,57,44 28 24 57 07 26
1653,2014-11-14,1,21,22,27,32,45,45 22 27 21 01 32
1654,2014-11-19,7,16,33,42,50,58,50 33 42 07 58 16
1655,2014-11-22,7,24,28,46,53,56,56 46 07 24 28 53
1656,2014-11-26,4,6,11,43,54,56,06 04 43 54 56 11
1657,2014-11-29,7,10,14,37,45,54,10 54 37 45 14 07
1658,2014-12-03,7,11,19,23,40,49,07 40 19 49 11 23
1659,2014-12-06,4,10,20,33,37,49,20 33 37 49 04 10
1660,2014-12-10,8,17,34,38,42,51,17 38 42 51 34 08
1661,2014-12-13,13,16,27,43,48,58,16 48 43 27 58 13
1662,2014-12-17,10,14,25,29,33,57,57 10 25 14 33 29
1663,2014-12-20,18,20,27,40,49,55,20 27 49 40 55 18
1664,2014-12-24,8,21,23,29,36,48,48 08 21 36 23 29
1665,2014-12-31,1,5,11,16,20,56,20 11 16 01 56 05
1666,2015-01-03,1,2,23,27,45,51,51 27 01 23 45 02
1667,2015-01-07,7,12,24,44,51,56,51 24 56 07 12 44
1668,2015-01-10,5,40,47,52,55,57,47 40 55 57 52 05
1669,2015-01-14,28,29,31,45,48,49,29 28 31 48 45 49
1670,2015-01-17,1,17,19,30,33,47,01 33 30 17 47 19
1671,2015-01-21,21,27,31,45,55,56,21 31 56 55 45 27
1672,2015-01-24,1,3,5,10,20,42,20 10 01 05 42 03
1673,2015-01-28,5,10,23,24,35,47,35 10 47 05 24 23
1674,2015-01-31,22,30,42,50,58,59,42 59 30 58 50 22
1675,2015-02-04,3,18,34,35,36,56,36 03 35 56 18 34
1676,2015-02-07,1,2,11,37,48,51,02 01 37 51 48 11
1677,2015-02-11,10,15,28,33,51,52,52 33 15 28 51 10
1678,2015-02-14,9,11,17,19,35,52,35 52 17 19 09 11
1679,2015-02-18,1,2,27,28,46,47,28 02 01 46 27 47
1680,2015-02-21,23,37,38,46,47,51,37 46 47 51 23 38
1681,2015-02-25,1,6,8,11,33,50,01 33 08 11 06 50
1682,2015-02-28,7,13,35,37,39,51,13 39 51 37 35 07
1683,2015-03-04,4,12,32,33,34,48,48 04 12 34 32 33
1684,2015-03-07,9,12,18,31,39,50,09 12 31 50 18 39
1685,2015-03-11,3,18,31,39,46,51,39 46 18 51 31 03
1686,2015-03-14,9,14,37,44,46,55,44 37 09 55 14 46
1687,2015-03-18,15,24,37,46,49,58,15 58 24 37 46 49
1688,2015-03-21,18,23,30,32,42,56,18 23 42 56 32 30
1689,2015-03-25,2,5,13,27,41,53,41 02 53 05 13 27
1690,2015-03-28,21,24,26,35,45,53,24 45 53 35 26 21
1691,2015-04-01,1,10,24,39,45,58,39 45 58 10 01 24
1692,2015-04-04,11,13,14,27,44,56,44 56 13 14 27 11
1693,2015-04-08,5,15,18,19,21,38,19 18 38 05 21 15
1694,2015-04-11,20,29,34,37,45,57,34 29 20 37 57 45
1695,2015-04-15,24,36,38,43,44,58,36 43 38 24 58 44
1696,2015-04-18,1,12,17,31,37,46,12 01 31 37 17 46
1697,2015-04-22,8,23,30,51,53,58,08 30 23 51 53 58
1698,2015-04-25,11,13,24,28,44,45,24 44 28 13 45 11
1699,2015-04-29,1,6,10,30,33,38,01 10 30 33 38 06
1700,2015-05-02,15,18,41,48,50,58,58 41 48 50 15 18
1701,2015-05-05,3,9,18,32,40,56,09 03 18 40 32 56
1702,2015-05-07,17,19,33,35,39,52,39 52 17 35 19 33
1703,2015-05-09,3,23,26,35,39,49,49 03 35 39 23 26
1704,2015-05-13,1,7,11,32,51,59,11 07 59 51 32 01
1705,2015-05-16,25,27,29,37,50,51,50 37 51 27 29 25
1706,2015-05-20,12,31,34,36,48,56,12 31 34 48 36 56
1707,2015-05-23,7,16,20,27,36,52,36 27 20 07 16 52
1708,2015-05-27,17,29,32,38,45,50,38 50 29 45 17 32
1709,2015-05-30,7,19,30,35,42,47,30 07 47 35 19 42
1710,2015-06-03,7,21,28,56,58,59,59 56 07 28 21 58
1711,2015-06-06,22,26,38,39,45,50,38 22 50 45 26 39
1712,2015-06-10,2,12,19,29,50,59,50 19 59 02 29 12
1713,2015-06-13,3,10,16,23,27,29,03 29 10 16 23 27
1714,2015-06-17,2,8,24,36,51,52,51 02 24 52 36 08
1715,2015-06-20,16,20,35,40,53,60,20 16 35 40 60 53
1716,2015-06-24,2,25,36,41,42,53,25 36 02 53 42 41
1717,2015-06-27,2,9,16,37,44,58,09 58 16 44 02 37
1718,2015-07-01,4,30,31,32,47,53,30 53 04 31 47 32
1719,2015-07-04,1,22,31,34,44,54,44 22 31 54 34 01
1720,2015-07-07,18,23,31,39,49,57,49 39 18 31 57 23
1721,2015-07-09,4,12,19,33,36,38,12 33 04 38 36 19
1722,2015-07-11,9,23,39,41,49,58,41 39 09 49 23 58
1723,2015-07-15,14,27,30,46,52,60,27 60 30 14 46 52
1724,2015-07-18,27,33,37,39,58,60,27 39 37 58 60 33
1725,2015-07-22,16,18,26,30,31,34,26 31 30 18 16 34
1726,2015-07-25,3,10,42,49,54,57,42 54 57 03 49 10
1727,2015-07-29,4,6,19,20,40,41,04 06 41 40 19 20
1728,2015-08-01,3,8,28,39,42,59,28 39 08 59 42 03
1729,2015-08-04,7,14,23,43,44,53,53 14 44 07 23 43
1730,2015-08-06,1,10,17,24,42,51,01 24 10 17 42 51
1731,2015-08-08,5,18,27,43,49,59,59 49 43 05 27 18
1732,2015-08-12,25,34,38,45,53,60,25 60 34 53 45 38
1733,2015-08-15,3,5,9,14,41,46,05 09 41 14 03 46
1734,2015-08-19,12,17,25,29,41,52,52 29 17 41 12 25
1735,2015-08-22,6,16,33,34,45,46,46 16 33 45 34 06
1736,2015-08-26,12,13,24,29,32,41,13 32 12 41 24 29
1737,2015-08-29,5,8,42,50,51,59,59 05 51 42 50 08
1738,2015-09-02,12,28,37,46,48,53,53 46 28 48 37 12
1739,2015-09-05,9,10,17,32,34,46,34 17 09 46 10 32
1740,2015-09-09,10,15,25,38,47,53,38 15 47 25 10 53
1741,2015-09-12,15,18,20,32,48,49,49 18 20 32 15 48
1742,2015-09-16,11,19,21,23,27,52,23 27 21 19 52 11
1743,2015-09-19,4,10,29,31,34,35,34 31 29 04 10 35
1744,2015-09-23,9,12,14,29,42,56,12 09 56 29 14 42
1745,2015-09-26,9,13,18,47,52,60,13 47 60 18 52 09
1746,2015-09-30,6,18,37,40,41,58,37 40 06 58 41 18
1747,2015-10-03,6,33,34,48,53,59,53 34 59 33 48 06
1748,2015-10-07,2,10,13,41,49,53,02 53 13 49 10 41
1749,2015-10-10,3,13,14,29,33,43,33 13 14 03 43 29
1750,2015-10-13,15,17,20,31,41,48,17 41 48 15 20 31
1751,2015-10-15,15,22,23,42,51,57,42 22 51 23 57 15
1752,2015-10-17,9,36,37,53,55,60,36 53 55 37 60 09
1753,2015-10-21,8,15,29,35,45,54,54 08 45 29 35 15
1754,2015-10-24,20,27,30,31,40,53,20 31 40 30 27 53
1755,2015-10-28,2,5,8,18,30,48,48 05 30 18 08 02
1756,2015-10-31,6,13,14,28,35,45,28 13 06 14 45 35
1757,2015-11-04,13,25,28,37,43,56,43 13 28 56 37 25
1758,2015-11-07,6,11,16,23,36,42,06 23 16 11 42 36
1759,2015-11-10,2,14,21,22,51,60,02 14 21 60 22 51
1760,2015-11-13,10,24,25,36,47,48,25 10 24 47 48 36
1761,2015-11-14,9,10,36,50,53,55,53 36 10 09 50 55
1762,2015-11-18,26,32,42,45,55,59,45 59 42 55 32 26
1763,2015-11-21,9,12,15,21,31,36,21 09 15 36 12 31
1764,2015-11-25,6,7,29,39,41,55,06 07 41 39 29 55
1765,2015-11-28,1,6,28,37,56,58,01 28 56 37 06 58
1766,2015-12-02,22,23,41,46,53,60,60 23 22 46 53 41
1767,2015-12-05,16,26,35,39,44,45,44 26 39 35 16 45
1768,2015-12-09,5,7,11,34,35,50,35 11 07 50 34 05
1769,2015-12-12,32,37,44,47,54,60,32 44 54 60 47 37
1770,2015-12-16,11,26,27,30,34,41,34 30 41 11 27 26
1771,2015-12-19,2,20,27,28,32,38,38 02 27 28 32 20
1772,2015-12-22,12,19,27,39,41,45,27 39 19 41 12 45
1773,2015-12-24,15,30,39,41,45,59,45 41 39 30 15 59
1774,2015-12-26,1,12,20,30,52,60,01 52 30 60 20 12
1775,2015-12-31,2,18,31,42,51,56,31 02 51 42 18 56
1776,2016-01-02,10,11,14,19,39,48,39 11 48 14 19 10
1777,2016-01-06,4,19,38,44,52,55,55 04 44 38 19 52
1778,2016-01-09,4,10,38,40,45,48,04 38 48 10 45 40
1779,2016-01-12,12,25,30,39,56,57,25 56 30 12 39 57
1780,2016-01-14,6,20,22,31,33,34,20 06 33 22 31 34
1781,2016-01-16,1,8,22,49,52,53,22 08 52 01 53 49
1782,2016-01-20,6,18,34,47,52,57,34 57 47 18 06 52
1783,2016-01-23,4,6,16,18,21,38,38 16 21 04 18 06
1784,2016-01-27,4,15,26,30,54,55,30 15 54 55 26 04
1785,2016-01-30,5,11,27,41,42,54,27 05 42 54 41 11
1786,2016-02-02,2,6,8,21,25,34,34 08 02 21 25 06
1787,2016-02-04,1,5,13,25,26,29,01 29 13 25 05 26
1788,2016-02-06,3,13,42,45,56,59,42 45 56 13 03 59
1789,2016-02-10,6,25,43,57,58,59,57 59 06 25 43 58
1790,2016-02-13,11,13,26,27,28,50,28 13 11 26 50 27
1791,2016-02-17,12,18,46,50,53,55,55 12 50 18 53 46
1792,2016-02-20,2,16,17,18,41,47,47 41 18 17 02 16
1793,2016-02-24,13,14,22,54,56,58,56 13 22 54 14 58
1794,2016-02-27,1,5,34,37,40,60,01 05 37 60 34 40
1795,2016-03-02,30,42,47,50,55,58,55 50 42 58 47 30
1796,2016-03-05,22,23,34,48,53,54,54 22 48 34 23 53
1797,2016-03-08,2,13,14,35,54,57,02 57 35 13 54 14
1798,2016-03-10,2,9,23,28,45,53,09 28 45 02 23 53
1799,2016-03-12,1,3,4,39,51,53,53 01 03 04 51 39
1800,2016-03-16,6,11,16,19,31,56,31 56 16 06 11 19
1801,2016-03-19,6,19,34,43,45,54,19 45 43 06 54 34
1802,2016-03-23,2,6,13,14,17,44,06 14 02 17 44 13
1803,2016-03-26,4,8,29,38,49,50,04 29 08 49 38 50
1804,2016-03-30,20,21,28,48,50,59,20 50 48 59 28 21
1805,2016-04-02,17,22,27,31,49,57,17 49 27 22 57 31
1806,2016-04-06,11,20,35,42,55,58,11 42 55 58 35 20
1807,2016-04-09,1,15,16,22,25,43,43 15 22 01 16 25
1808,2016-04-13,2,14,20,25,41,45,20 25 45 02 41 14
1809,2016-04-16,9,12,23,24,46,54,23 12 54 46 09 24
1810,2016-04-20,1,10,25,43,50,56,56 10 43 50 01 25
1811,2016-04-23,5,17,32,35,37,57,32 37 05 35 17 57
1812,2016-04-27,20,23,32,34,37,45,45 34 23 20 37 32
1813,2016-04-30,9,11,13,15,19,51,51 09 13 15 19 11
1814,2016-05-03,9,11,27,46,51,53,53 51 27 11 46 09
1815,2016-05-05,8,11,25,39,41,60,60 08 25 39 41 11
1816,2016-05-07,5,10,12,22,28,46,12 10 46 28 22 05
1817,2016-05-11,1,4,26,39,47,55,47 01 26 55 39 04
1818,2016-05-14,2,6,10,15,53,56,10 53 15 02 06 56
1819,2016-05-18,17,18,26,30,33,37,37 26 18 30 33 17
1820,2016-05-21,3,19,23,27,40,45,27 19 23 03 45 40
1821,2016-05-25,19,22,31,36,52,53,53 31 19 52 36 22
1822,2016-05-28,1,22,26,43,50,53,22 53 26 01 43 50
1823,2016-06-01,4,9,21,34,54,59,54 34 59 21 09 04
1824,2016-06-04,5,6,12,19,30,60,19 30 60 12 06 05
1825,2016-06-07,10,11,21,50,51,54,21 54 10 50 51 11
1826,2016-06-09,17,19,32,43,48,51,43 48 32 19 17 51
1827,2016-06-11,26,33,42,43,53,54,43 33 53 26 54 42
1828,2016-06-15,6,11,32,40,48,59,40 32 11 06 59 48
1829,2016-06-18,7,13,24,30,32,53,53 32 30 07 24 13
1830,2016-06-22,3,7,29,37,54,60,29 03 54 07 37 60
1831,2016-06-25,15,27,28,32,48,55,55 15 48 32 28 27
1832,2016-06-29,14,34,46,47,56,57,34 47 57 56 14 46
1833,2016-07-02,2,3,7,16,27,42,02 42 03 27 16 07
1834,2016-07-06,2,17,22,24,48,51,02 22 51 24 48 17
1835,2016-07-09,8,28,36,47,50,58,50 36 08 28 47 58
1836,2016-07-12,8,15,18,45,59,60,59 18 45 60 08 15
1837,2016-07-14,41,44,48,50,54,57,41 48 57 50 44 54
1838,2016-07-16,5,8,24,30,57,59,59 24 30 08 57 05
1839,2016-07-20,7,22,28,32,56,58,28 32 22 56 58 07
1840,2016-07-23,15,17,33,41,47,48,33 41 48 15 17 47
1841,2016-07-27,3,6,13,38,49,51,06 51 13 38 49 03
1842,2016-07-30,16,18,22,24,34,43,18 43 22 24 16 34
1843,2016-08-03,8,26,28,33,41,54,28 26 33 41 08 54
1844,2016-08-06,3,4,37,39,48,50,04 03 37 39 48 50
1845,2016-08-09,3,9,13,29,30,51,09 03 29 13 30 51
1846,2016-08-11,6,24,26,30,34,49,49 26 30 34 24 06
1847,2016-08-13,1,6,45,49,50,57,45 01 57 49 50 06
1848,2016-08-17,9,40,41,50,55,58,58 41 50 40 09 55
1849,2016-08-20,3,5,11,27,35,44,35 27 03 11 44 05
1850,2016-08-24,23,24,32,38,40,41,24 32 23 40 41 38
1851,2016-08-27,8,18,21,22,35,37,35 22 08 37 21 18
1852,2016-08-31,13,17,29,45,49,50,29 13 49 50 45 17
1853,2016-09-03,1,2,34,39,41,45,02 41 39 01 34 45
1854,2016-09-08,25,30,31,34,43,59,59 30 43 31 34 25
1855,2016-09-10,6,10,15,24,38,39,06 38 24 39 15 10
1856,2016-09-14,2,9,14,22,32,37,14 09 02 32 22 37
1857,2016-09-17,13,23,25,35,52,53,53 35 52 25 23 13
1858,2016-09-20,22,28,30,33,55,59,55 30 28 59 33 22
1859,2016-09-22,1,13,14,21,26,51,13 26 01 21 14 51
1860,2016-09-24,10,30,36,40,44,60,10 40 30 44 36 60
1861,2016-09-28,2,4,9,35,45,60,45 09 60 02 35 04
1862,2016-10-01,2,8,35,42,49,56,08 49 35 42 56 02
1863,2016-10-05,16,23,45,56,58,59,23 45 16 58 59 56
1864,2016-10-08,4,5,14,37,40,60,05 04 37 40 60 14
1865,2016-10-13,1,5,31,32,37,42,42 05 32 37 01 31
1866,2016-10-15,14,17,36,38,44,60,14 36 60 38 17 44
1867,2016-10-18,3,10,17,21,22,43,03 43 21 17 22 10
1868,2016-10-20,1,5,23,25,28,31,25 05 31 01 28 23
1869,2016-10-22,11,23,24,26,40,52,11 26 24 52 40 23
1870,2016-10-26,18,20,30,32,33,40,30 40 33 18 20 32
1871,2016-10-29,3,11,17,33,52,58,17 58 33 52 11 03
1872,2016-11-03,11,13,25,39,46,56,39 11 56 46 13 25
1873,2016-11-05,5,25,28,41,53,54,25 05 53 28 41 54
1874,2016-11-08,10,28,37,43,44,47,43 28 10 37 47 44
1875,2016-11-10,1,45,47,52,53,55,53 45 47 01 52 55
1876,2016-11-12,7,18,39,41,44,51,07 18 51 41 44 39
1877,2016-11-16,13,16,23,24,32,35,35 13 32 16 24 23
1878,2016-11-19,12,16,26,40,56,57,56 26 40 16 57 12
1879,2016-11-23,5,10,20,57,58,59,20 58 10 59 57 05
1880,2016-11-26,5,16,19,37,51,56,19 51 56 16 05 37
1881,2016-11-30,3,10,30,44,53,56,30 10 53 44 03 56
1882,2016-12-03,9,10,19,35,37,41,41 35 37 10 19 09
1883,2016-12-07,16,27,28,47,59,60,28 59 16 47 27 60
1884,2016-12-10,1,4,23,32,38,59,38 01 32 04 23 59
1885,2016-12-14,7,14,18,23,32,59,59 07 18 23 32 14
1886,2016-12-17,3,7,15,40,45,54,07 40 54 15 03 45
1887,2016-12-20,11,23,34,41,46,56,23 56 41 46 34 11
1888,2016-12-22,1,10,17,18,45,48,48 01 18 45 17 10
1889,2016-12-24,16,23,25,28,30,44,30 25 23 44 28 16
1890,2016-12-31,5,11,22,24,51,53,05 24 51 22 11 53
1891,2017-01-04,1,3,19,23,47,58,47 01 03 19 23 58
1892,2017-01-07,6,17,22,30,37,50,50 22 06 37 30 17
1893,2017-01-11,16,17,19,28,45,58,17 58 45 19 28 16
1894,2017-01-14,21,31,35,53,54,57,31 35 57 54 21 53
1895,2017-01-18,2,3,5,10,15,34,03 05 02 34 10 15
1896,2017-01-21,3,6,14,15,21,25,25 06 14 21 03 15
1897,2017-01-25,9,22,25,47,52,58,52 09 58 47 22 25
1898,2017-01-28,12,34,45,53,55,58,53 12 58 55 34 45
1899,2017-02-01,20,23,35,36,44,48,48 35 44 23 36 20
1900,2017-02-04,8,11,27,28,43,46,46 11 08 43 28 27
1901,2017-02-08,11,12,26,30,37,53,30 53 26 11 37 12
1902,2017-02-11,2,7,9,18,21,25,25 18 02 21 09 07
1903,2017-02-15,9,10,15,28,43,45,09 43 10 15 45 28
1904,2017-02-18,12,15,18,21,51,56,21 18 56 15 51 12
1905,2017-02-21,29,35,43,54,56,57,43 54 29 57 35 56
1906,2017-02-23,6,27,33,39,40,60,27 40 33 06 39 60
1907,2017-02-25,3,25,35,38,44,48,03 48 44 35 25 38
1908,2017-03-01,4,10,13,23,27,57,10 27 57 13 23 04
1909,2017-03-04,11,40,43,45,47,57,47 43 45 40 57 11
1910,2017-03-08,6,9,15,22,39,48,09 06 39 15 22 48
1911,2017-03-11,16,18,23,30,32,33,32 16 33 23 18 30
1912,2017-03-15,10,13,33,35,36,42,42 10 33 36 13 35
1913,2017-03-18,4,14,17,43,52,56,14 56 52 17 04 43
1914,2017-03-22,16,29,33,39,42,44,39 33 29 16 44 42
1915,2017-03-25,2,20,21,33,48,57,57 21 02 33 20 48
1916,2017-03-29,3,9,18,23,50,52,03 50 18 23 09 52
1917,2017-04-01,4,21,25,33,36,46,04 36 25 21 46 33
1918,2017-04-05,16,17,20,22,38,50,22 17 50 38 20 16
1919,2017-04-08,11,28,37,45,54,60,60 28 54 37 45 11
1920,2017-04-12,25,31,33,39,43,45,39 45 31 25 43 33
1921,2017-04-15,10,15,16,19,28,35,19 10 16 15 28 35
1922,2017-04-19,20,22,36,38,41,43,20 41 22 36 43 38
1923,2017-04-22,9,34,42,45,46,59,46 34 59 45 09 42
1924,2017-04-26,12,16,30,52,53,58,16 52 53 58 30 12
1925,2017-04-29,1,17,38,43,45,47,47 43 38 01 17 45
1926,2017-05-03,2,3,14,20,30,46,46 03 02 30 14 20
1927,2017-05-06,5,11,13,19,30,31,11 05 30 31 13 19
1928,2017-05-09,10,26,28,51,53,59,28 51 59 26 53 10
1929,2017-05-11,3,10,23,36,43,52,10 52 23 36 03 43
1930,2017-05-13,4,17,18,37,52,56,17 56 37 52 18 04
1931,2017-05-17,2,8,9,15,22,34,34 08 02 15 09 22
1932,2017-05-20,10,16,21,29,44,55,55 21 16 44 29 10
1933,2017-05-24,2,14,15,19,35,59,15 19 35 59 14 02
1934,2017-05-27,8,23,35,39,56,59,56 39 35 08 23 59
1935,2017-05-31,1,3,10,17,23,24,24 17 10 01 03 23
1936,2017-06-03,3,12,24,40,51,52,51 40 52 24 12 03
1937,2017-06-07,6,10,24,29,43,55,10 29 24 43 06 55
1938,2017-06-10,10,16,32,40,42,54,10 54 42 16 40 32
1939,2017-06-14,7,24,29,39,45,52,39 29 24 52 07 45
1940,2017-06-17,9,13,16,17,36,47,36 16 09 47 13 17
1941,2017-06-21,1,9,24,38,48,49,38 01 09 48 49 24
1942,2017-06-24,6,18,20,24,43,48,48 20 43 18 06 24
1943,2017-06-28,9,11,12,30,39,43,43 11 39 09 30 12
1944,2017-07-01,8,9,39,47,57,59,08 57 47 39 09 59
1945,2017-07-04,4,8,10,21,45,54,08 54 21 10 45 04
1946,2017-07-06,4,6,39,44,52,60,06 39 04 44 52 60
1947,2017-07-08,8,33,40,52,55,59,52 59 55 40 08 33
1948,2017-07-12,12,20,24,28,33,57,28 33 20 24 57 12
1949,2017-07-15,1,6,14,22,30,56,30 01 14 56 22 06
1950,2017-07-19,10,21,32,34,48,57,32 21 10 48 34 57
1951,2017-07-22,14,16,19,21,33,55,55 14 16 21 33 19
1952,2017-07-26,9,21,36,38,52,53,09 21 53 36 52 38
1953,2017-07-29,9,26,29,42,43,45,45 29 42 09 43 26
1954,2017-08-02,9,25,33,35,40,49,40 09 49 25 35 33
1955,2017-08-05,15,27,33,36,41,45,15 41 45 33 36 27
1956,2017-08-08,5,8,20,28,40,45,20 40 28 05 08 45
1957,2017-08-10,2,14,22,23,29,47,23 47 29 02 14 22
1958,2017-08-12,15,20,22,24,34,55,55 34 22 20 24 15
1959,2017-08-16,8,21,27,35,43,56,56 43 21 08 27 35
1960,2017-08-19,1,18,25,37,39,43,43 39 18 25 37 01
1961,2017-08-23,17,25,26,30,32,50,50 30 25 17 32 26
1962,2017-08-26,5,6,15,25,39,53,39 05 06 53 15 25
1963,2017-08-30,4,5,7,34,42,60,34 60 05 04 07 42
1964,2017-09-02,2,27,32,36,48,50,32 27 48 36 02 50
1965,2017-09-06,26,28,35,38,48,55,28 26 55 38 48 35
1966,2017-09-09,10,13,19,32,40,60,19 10 32 60 13 40
1967,2017-09-13,13,30,32,39,46,54,32 39 13 54 30 46
1968,2017-09-16,35,36,39,44,48,52,35 48 44 39 36 52
1969,2017-09-19,8,20,30,32,48,59,30 59 20 32 08 48
1970,2017-09-21,5,10,18,24,39,52,10 18 24 05 39 52
1971,2017-09-23,4,10,41,44,52,54,54 10 52 41 44 04
1972,2017-09-27,9,16,20,54,57,59,20 09 59 54 16 57
1973,2017-09-30,1,12,16,17,52,60,17 16 60 12 52 01
1974,2017-10-04,4,19,27,38,54,57,19 57 38 54 04 27
1975,2017-10-07,8,11,24,26,47,57,08 24 47 26 11 57
1976,2017-10-11,12,14,19,25,52,59,52 14 19 12 59 25
1977,2017-10-14,3,16,28,32,34,37,28 03 32 34 37 16
1978,2017-10-17,2,6,22,44,55,57,06 02 57 22 55 44
1979,2017-10-19,22,23,29,32,38,45,38 23 45 32 29 22
1980,2017-10-21,12,16,17,18,34,37,18 16 12 34 37 17
1981,2017-10-25,6,15,19,37,39,53,15 06 39 19 37 53
1982,2017-10-28,4,14,20,24,46,50,46 24 20 04 50 14
1983,2017-11-01,5,6,10,14,22,36,14 22 06 05 10 36
1984,2017-11-04,21,29,32,35,43,50,43 32 21 50 35 29
1985,2017-11-07,9,28,29,34,36,55,09 36 29 28 34 55
1986,2017-11-09,23,36,43,44,55,56,55 23 44 43 36 56
1987,2017-11-11,10,14,31,34,45,58,10 58 14 45 31 34
1988,2017-11-16,5,10,39,42,46,54,05 39 10 54 46 42
1989,2017-11-18,15,22,30,32,40,58,40 58 30 32 15 22
1990,2017-11-22,11,24,26,34,37,59,37 26 11 24 59 34
1991,2017-11-25,19,20,28,34,36,44,19 34 44 36 20 28
1992,2017-11-29,5,11,13,21,53,54,21 11 13 53 54 05
1993,2017-12-02,6,17,33,48,50,57,50 57 48 17 06 33
1994,2017-12-06,2,5,12,32,40,44,44 05 32 02 12 40
1995,2017-12-09,14,26,29,35,37,39,14 37 39 26 35 29
1996,2017-12-13,7,20,21,24,40,56,56 21 20 07 40 24
1997,2017-12-16,1,7,14,31,35,46,14 07 35 01 31 46
1998,2017-12-19,8,21,24,25,52,57,57 21 24 52 25 08
1999,2017-12-21,15,37,38,42,49,50,42 38 49 15 50 37
2000,2017-12-31,3,6,10,17,34,37,06 37 34 10 03 17
2001,2018-01-03,20,22,36,42,52,60,22 20 52 60 42 36
2002,2018-01-06,4,28,30,38,46,59,59 46 28 38 04 30
2003,2018-01-10,28,34,40,43,50,51,40 50 43 28 51 34
2004,2018-01-13,1,5,14,23,35,45,45 35 01 23 05 14
2005,2018-01-17,11,19,22,33,34,53,22 19 33 11 53 34
2006,2018-01-20,1,9,14,20,25,54,20 09 01 14 54 25
2007,2018-01-24,4,14,39,41,54,58,41 14 54 04 39 58
2008,2018-01-27,22,27,33,42,58,59,27 22 58 33 59 42
2009,2018-01-31,1,37,44,46,48,50,01 48 50 44 37 46
2010,2018-02-03,8,10,18,34,39,56,18 56 08 34 39 10
2011,2018-02-06,2,28,32,35,54,58,28 35 58 54 02 32
2012,2018-02-08,8,11,27,35,36,51,11 51 36 08 35 27
2013,2018-02-10,6,23,30,36,53,56,06 36 53 30 56 23
2014,2018-02-14,16,32,40,46,53,56,46 32 16 56 40 53
2015,2018-02-17,17,18,27,32,39,58,18 58 32 39 27 17
2016,2018-02-21,4,11,17,18,21,48,11 17 48 18 04 21
2017,2018-02-24,2,10,11,24,38,56,56 10 11 02 38 24
2018,2018-02-28,11,22,25,27,55,59,55 11 27 22 25 59
2019,2018-03-03,23,41,46,52,54,59,41 46 54 59 23 52
2020,2018-03-07,2,36,46,48,57,60,02 46 57 60 48 36
2021,2018-03-10,7,14,32,37,40,60,32 37 40 60 07 14
2022,2018-03-14,4,28,45,48,52,60,28 60 52 45 04 48
2023,2018-03-17,1,6,7,8,23,56,23 56 08 07 01 06
2024,2018-03-21,16,20,23,29,35,47,29 16 20 35 47 23
2025,2018-03-24,4,24,46,52,55,56,52 56 04 24 46 55
2026,2018-03-28,10,23,31,33,51,52,51 33 23 52 31 10
2027,2018-03-31,11,15,29,37,39,44,11 15 39 37 29 44
2028,2018-04-04,7,11,24,36,42,58,07 42 58 36 24 11
2029,2018-04-07,6,15,18,33,37,40,15 37 18 33 40 06
2030,2018-04-11,4,27,38,40,58,59,38 04 58 40 27 59
2031,2018-04-14,18,23,37,39,50,55,23 39 18 55 50 37
2032,2018-04-17,6,14,19,20,39,53,19 39 20 53 14 06
2033,2018-04-20,10,18,33,38,40,43,40 10 18 33 38 43
2034,2018-04-25,6,7,13,17,22,56,07 56 22 13 06 17
2035,2018-04-28,30,35,36,38,49,52,52 35 49 30 38 36
2036,2018-05-02,7,8,19,23,27,58,23 58 08 19 27 07
2037,2018-05-05,14,16,23,30,45,60,60 30 14 45 23 16
2038,2018-05-08,6,25,26,35,38,40,26 35 40 25 06 38
2039,2018-05-10,6,12,22,28,31,44,28 22 06 31 44 12
2040,2018-05-12,6,9,41,54,56,58,56 58 54 06 41 09
2041,2018-05-16,10,12,22,25,42,54,10 12 54 42 22 25
2042,2018-05-19,14,22,29,32,33,35,33 32 22 29 35 14
2043,2018-05-23,21,38,53,56,57,58,53 58 21 38 57 56
2044,2018-05-26,7,14,47,54,56,60,14 07 60 54 47 56
2045,2018-05-30,15,25,27,45,46,50,27 46 15 25 50 45
2046,2018-06-02,3,6,11,27,28,46,27 11 06 28 46 03
2047,2018-06-06,1,18,19,29,44,54,18 19 44 54 01 29
2048,2018-06-09,10,19,26,35,38,39,10 39 38 35 26 19
2049,2018-06-13,10,19,27,31,51,53,19 10 27 31 51 53
2050,2018-06-16,8,31,32,33,38,50,33 50 38 32 08 31
2051,2018-06-20,1,5,6,37,44,53,37 05 44 01 53 06
2052,2018-06-23,50,51,56,57,58,59,57 50 56 51 58 59
2053,2018-06-27,12,22,27,37,40,55,12 27 40 37 22 55
2054,2018-06-30,4,7,12,22,26,39,39 04 07 12 26 22
2055,2018-07-03,6,25,35,43,46,53,53 43 46 25 35 06
2056,2018-07-05,18,22,29,34,36,47,29 47 22 36 34 18
2057,2018-07-07,10,13,20,37,38,54,37 38 20 13 10 54
2058,2018-07-11,4,19,23,29,56,59,19 04 23 29 59 56
2059,2018-07-14,4,5,36,40,44,56,05 04 36 56 40 44
2060,2018-07-18,8,9,11,25,39,41,11 39 41 09 25 08
2061,2018-07-21,33,36,40,44,45,54,33 45 44 40 36 54
2062,2018-07-25,8,10,15,23,25,34,08 15 34 25 10 23
2063,2018-07-28,6,10,19,24,25,29,10 19 29 24 06 25
2064,2018-08-01,10,14,36,53,55,60,55 53 14 10 36 60
2065,2018-08-04,4,11,20,30,37,43,04 11 43 20 30 37
2066,2018-08-08,6,25,27,35,45,55,27 55 35 06 25 45
2067,2018-08-11,2,11,13,26,32,59,59 02 11 32 26 13
2068,2018-08-14,3,5,9,40,42,47,05 47 40 09 42 03
2069,2018-08-16,3,17,34,35,40,48,40 03 48 17 34 35
2070,2018-08-18,5,26,27,34,42,48,05 26 42 27 48 34
2071,2018-08-22,24,33,34,35,46,60,35 46 34 60 24 33
2072,2018-08-25,10,12,13,20,22,54,22 13 10 20 12 54
2073,2018-08-29,12,15,18,30,52,55,55 12 15 30 52 18
2074,2018-09-01,8,18,23,37,42,58,42 08 18 37 58 23
2075,2018-09-05,7,9,23,33,57,59,07 09 23 33 57 59
2076,2018-09-08,5,6,12,15,22,43,06 15 43 05 12 22
2077,2018-09-12,13,16,26,35,37,39,37 13 16 26 39 35
2078,2018-09-15,2,11,15,30,36,39,30 36 02 11 39 15
2079,2018-09-18,1,2,14,37,55,58,55 37 58 14 02 01
2080,2018-09-20,10,22,40,46,55,58,58 55 46 22 40 10
2081,2018-09-22,13,18,35,40,41,42,40 42 13 18 35 41
2082,2018-09-26,6,25,33,42,48,49,25 33 42 49 06 48
2083,2018-09-29,1,18,19,33,56,60,56 33 01 19 18 60
2084,2018-10-03,7,20,26,37,38,39,20 37 26 07 39 38
2085,2018-10-06,12,21,25,37,38,49,25 49 12 21 38 37
2086,2018-10-10,4,35,43,46,47,53,04 53 35 43 47 46
2087,2018-10-13,2,18,19,23,34,53,19 18 53 34 02 23
2088,2018-10-17,3,14,24,27,38,56,24 03 27 38 14 56
2089,2018-10-20,5,10,32,38,48,49,38 48 05 49 10 32
2090,2018-10-23,8,11,18,37,40,51,11 08 18 40 37 51
2091,2018-10-25,10,11,12,37,38,59,12 11 10 59 38 37
2092,2018-10-27,11,13,15,17,22,27,13 17 27 11 15 22
2093,2018-10-31,8,14,27,34,52,54,54 34 52 08 14 27
2094,2018-11-03,4,16,19,31,33,44,04 33 16 44 19 31
2095,2018-11-07,16,29,35,43,49,56,49 29 56 43 35 16
2096,2018-11-10,6,11,13,19,24,51,11 51 06 24 13 19
2097,2018-11-14,9,24,28,45,49,51,51 28 24 49 09 45
2098,2018-11-17,2,8,18,27,38,60,02 38 27 60 18 08
2099,2018-11-21,5,15,20,27,30,58,30 15 05 58 20 27
2100,2018-11-24,1,10,11,13,35,49,01 35 13 11 10 49
2101,2018-11-28,2,8,18,37,56,58,58 56 18 08 02 37
2102,2018-12-01,4,6,17,34,51,57,06 04 17 57 34 51
2103,2018-12-04,3,13,40,44,46,50,13 40 50 46 03 44
2104,2018-12-06,2,10,12,27,45,56,12 45 10 56 02 27
2105,2018-12-08,11,13,16,24,31,46,16 46 13 11 24 31
2106,2018-12-12,3,27,36,39,40,43,27 03 39 40 36 43
2107,2018-12-15,8,38,44,50,56,60,50 44 60 38 56 08
2108,2018-12-18,19,22,29,41,44,59,44 59 29 19 41 22
2109,2018-12-20,4,12,16,34,44,49,04 16 44 49 12 34
2110,2018-12-31,5,10,12,18,25,33,25 33 10 12 18 05
2111,2019-01-02,1,41,44,46,54,58,54 41 01 46 58 44
2112,2019-01-05,17,39,43,46,52,53,17 46 43 53 52 39
2113,2019-01-09,11,14,21,25,46,50,11 21 46 14 25 50
2114,2019-01-12,17,25,30,35,42,57,35 17 30 25 42 57
2115,2019-01-15,4,19,27,35,40,44,19 40 35 44 27 04
2116,2019-01-17,1,9,19,21,34,54,21 19 01 09 34 54
2117,2019-01-19,4,28,29,30,43,52,28 43 04 29 52 30
2118,2019-01-23,11,12,20,40,41,46,41 11 12 46 20 40
2119,2019-01-26,19,21,26,31,42,49,42 49 26 31 19 21
2120,2019-01-30,13,20,24,25,38,41,38 41 20 24 25 13
2121,2019-02-02,8,10,17,29,37,40,37 08 17 29 10 40
2122,2019-02-06,3,11,15,21,27,49,27 21 03 11 15 49
2123,2019-02-09,14,15,47,50,56,59,47 59 14 56 50 15
2124,2019-02-13,2,11,20,31,43,47,31 20 47 43 02 11
2125,2019-02-16,1,31,44,46,53,58,44 01 31 53 46 58
2126,2019-02-20,7,12,24,27,39,58,58 39 27 07 24 12
2127,2019-02-23,1,7,28,30,44,46,07 46 28 30 44 01
2128,2019-02-26,11,16,24,46,54,55,24 55 46 16 11 54
2129,2019-02-28,6,12,31,32,46,60,60 46 12 06 32 31
2130,2019-03-02,13,16,36,53,54,55,13 53 16 36 55 54
2131,2019-03-06,2,3,6,18,20,28,28 18 20 06 02 03
2132,2019-03-09,5,18,30,35,39,60,05 60 18 39 35 30
2133,2019-03-13,19,20,26,51,52,57,26 20 19 51 52 57
2134,2019-03-16,6,21,34,46,54,59,54 06 46 21 59 34
2135,2019-03-20,9,23,28,40,48,59,23 48 59 28 40 09
2136,2019-03-23,1,8,11,22,30,35,35 22 11 01 30 08
2137,2019-03-27,1,2,11,12,34,49,02 01 49 11 12 34
2138,2019-03-30,4,13,14,21,30,34,30 34 04 21 13 14
2139,2019-04-03,14,23,29,41,57,58,58 29 23 41 14 57
2140,2019-04-06,17,20,26,36,42,54,20 54 36 17 42 26
2141,2019-04-10,10,11,17,19,37,41,10 19 11 37 41 17
2142,2019-04-13,7,40,44,50,52,57,44 50 52 57 07 40
2143,2019-04-17,2,12,35,51,57,58,12 58 35 51 02 57
2144,2019-04-20,7,16,21,33,55,60,21 33 55 16 07 60
2145,2019-04-24,6,8,28,51,53,59,06 59 28 08 51 53
2146,2019-04-27,16,18,31,39,42,44,39 42 16 18 44 31
2147,2019-05-02,17,19,37,41,42,49,49 42 17 19 37 41
2148,2019-05-04,8,15,32,33,58,59,59 33 08 58 32 15
2149,2019-05-08,21,23,37,44,46,48,21 48 46 23 44 37
2150,2019-05-11,23,24,26,38,42,49,38 24 23 26 42 49
2151,2019-05-15,2,14,18,29,36,38,36 38 02 29 14 18
2152,2019-05-18,26,29,36,49,50,59,49 36 29 26 59 50
2153,2019-05-22,8,13,28,31,32,33,13 28 31 08 33 32
2154,2019-05-25,7,25,41,47,50,53,53 41 47 50 07 25
2155,2019-05-29,2,6,27,37,44,47,37 44 02 27 06 47
2156,2019-06-01,1,6,23,26,39,49,49 39 23 06 26 01
2157,2019-06-05,31,33,34,35,39,48,34 48 31 39 33 35
2158,2019-06-08,9,27,35,45,46,59,09 27 46 59 35 45
2159,2019-06-12,14,26,35,38,45,53,53 35 38 14 45 26
2160,2019-06-15,1,19,46,47,49,53,53 49 01 46 47 19
2161,2019-06-19,8,9,10,24,42,44,24 10 08 44 09 42
2162,2019-06-22,11,16,22,30,34,42,11 30 42 34 16 22
2163,2019-06-26,8,18,20,24,36,45,45 20 24 36 18 08
2164,2019-06-29,16,17,25,47,48,58,48 17 58 47 16 25
2165,2019-07-03,5,37,43,49,54,56,56 49 54 43 05 37
2166,2019-07-06,3,19,34,44,56,58,44 03 34 56 19 58
2167,2019-07-09,27,37,38,43,45,54,37 45 38 43 54 27
2168,2019-07-11,1,4,25,27,29,37,37 25 29 04 01 27
2169,2019-07-13,7,34,45,51,54,59,45 07 34 59 51 54
2170,2019-07-17,10,21,24,36,38,51,36 21 51 10 24 38
2171,2019-07-20,12,13,19,36,44,55,19 12 13 36 55 44
2172,2019-07-24,9,24,28,37,43,57,09 57 43 37 28 24
2173,2019-07-27,2,9,42,44,48,50,09 48 44 42 02 50
2174,2019-07-31,10,15,34,36,56,60,36 10 34 15 60 56
2175,2019-08-03,7,25,32,43,53,55,55 53 07 32 43 25
2176,2019-08-06,8,23,25,39,43,44,23 08 25 43 39 44
2177,2019-08-08,9,11,14,31,48,51,14 09 48 11 31 51
2178,2019-08-10,2,16,21,42,50,56,16 21 42 02 50 56
2179,2019-08-14,2,13,24,35,50,54,24 02 35 54 50 13
2180,2019-08-17,10,12,16,21,28,38,16 12 10 21 28 38
2181,2019-08-21,1,8,19,33,36,48,08 01 19 48 36 33
2182,2019-08-24,19,22,39,46,47,59,59 47 46 19 39 22
2183,2019-08-28,13,26,30,34,43,51,51 13 43 30 34 26
2184,2019-08-31,15,36,45,51,52,59,51 15 52 36 59 45
2185,2019-09-04,9,18,19,22,42,47,19 42 18 47 22 09
2186,2019-09-09,12,18,19,27,41,46,27 19 12 41 18 46
2187,2019-09-11,10,11,16,21,46,50,16 21 50 10 46 11
2188,2019-09-14,2,17,21,28,51,60,60 51 21 28 02 17
2189,2019-09-18,4,11,16,22,29,33,33 29 11 04 16 22
2190,2019-09-21,5,9,20,25,35,53,53 35 25 09 05 20
2191,2019-09-24,4,8,26,33,46,53,33 46 26 04 53 08
2192,2019-09-26,7,16,37,53,57,59,57 53 07 59 16 37
2193,2019-09-28,7,8,22,27,29,42,08 07 42 27 29 22
2194,2019-10-02,8,16,20,21,31,34,16 08 20 21 34 31
2195,2019-10-05,14,24,32,38,46,53,24 32 38 53 46 14
2196,2019-10-09,1,25,27,28,41,56,56 28 27 01 41 25
2197,2019-10-14,3,11,29,35,44,57,29 11 03 35 44 57
2198,2019-10-16,1,11,34,36,44,56,56 11 34 44 36 01
2199,2019-10-19,15,23,30,35,38,44,38 23 30 44 35 15
2200,2019-10-22,11,15,28,36,43,55,28 55 36 43 11 15
2201,2019-10-24,3,13,23,41,49,53,13 49 03 41 53 23
2202,2019-10-26,11,29,37,38,43,60,43 60 37 38 29 11
2203,2019-10-30,17,34,46,49,50,57,34 46 57 50 17 49
2204,2019-11-04,1,28,29,32,35,56,32 56 29 28 01 35
2205,2019-11-06,12,21,28,37,42,57,21 42 12 57 37 28
2206,2019-11-09,6,27,38,42,45,57,42 38 45 06 27 57
2207,2019-11-13,6,10,11,43,53,55,43 11 06 55 53 10
2208,2019-11-16,16,25,30,40,45,49,30 45 16 49 25 40
2209,2019-11-20,22,25,28,32,33,47,32 22 47 28 33 25
2210,2019-11-23,11,17,24,25,33,34,11 33 34 25 24 17
2211,2019-11-27,27,36,40,41,44,54,27 44 36 54 41 40
2212,2019-11-30,23,26,51,52,53,58,51 58 53 52 26 23
2213,2019-12-04,5,7,10,32,46,60,07 05 10 60 32 46
2214,2019-12-07,4,10,18,30,34,47,18 30 04 10 34 47
2215,2019-12-11,1,19,21,23,33,43,21 23 43 01 19 33
2216,2019-12-14,10,24,42,43,48,49,24 42 48 10 43 49
2217,2019-12-17,10,14,16,30,32,36,16 32 36 30 14 10
2218,2019-12-19,6,16,22,38,48,52,16 06 38 22 52 48
2219,2019-12-21,8,28,36,45,57,59,57 59 45 08 28 36
2220,2019-12-31,3,35,38,40,57,58,38 58 35 03 40 57
2221,2020-01-04,5,23,34,45,56,57,23 34 45 57 05 56
2222,2020-01-08,13,14,29,30,48,59,14 48 30 29 59 13
2223,2020-01-11,2,26,40,42,49,56,49 26 02 56 40 42
2224,2020-01-15,16,23,32,50,52,58,23 50 58 32 52 16
2225,2020-01-18,1,32,37,44,46,47,01 37 47 44 46 32
2226,2020-01-21,2,4,7,16,30,38,02 07 38 30 04 16
2227,2020-01-23,6,9,12,27,32,57,09 06 27 32 12 57
2228,2020-01-25,9,19,23,32,39,45,19 45 39 09 23 32
2229,2020-01-29,6,11,29,40,41,58,06 41 40 29 58 11
2230,2020-02-01,7,17,26,39,56,60,39 17 56 60 26 07
2231,2020-02-05,4,13,25,40,53,57,04 13 53 40 25 57
2232,2020-02-08,7,8,31,34,38,47,31 34 38 47 07 08
2233,2020-02-12,4,6,32,35,41,45,45 35 06 41 04 32
2234,2020-02-15,4,21,27,29,42,47,47 29 42 04 27 21
2235,2020-02-19,14,18,30,35,55,57,14 55 35 30 18 57
2236,2020-02-22,7,20,38,43,45,53,07 53 43 20 45 38
2237,2020-02-27,11,20,27,28,53,60,60 27 28 20 53 11
2238,2020-02-29,11,36,45,55,57,58,57 36 11 58 55 45
2239,2020-03-04,7,27,31,39,45,46,27 39 07 31 46 45
2240,2020-03-07,7,9,10,19,25,58,25 09 07 10 58 19
2241,2020-03-10,1,13,18,26,40,56,56 18 26 13 01 40
2242,2020-03-12,5,9,18,24,25,42,24 42 18 05 25 09
2243,2020-03-14,14,18,28,35,38,54,14 38 28 18 35 54
2244,2020-03-18,3,5,11,34,37,42,11 05 42 03 34 37
2245,2020-03-21,11,14,15,18,33,34,33 11 14 34 15 18
2246,2020-03-25,5,9,24,27,33,46,09 33 46 24 27 05
2247,2020-03-28,1,42,44,47,48,53,42 53 47 01 44 48
2248,2020-04-01,9,15,20,29,30,42,20 09 42 29 30 15
2249,2020-04-04,4,9,31,47,49,53,04 49 09 31 47 53
2250,2020-04-08,27,33,39,52,57,58,39 52 27 57 58 33
2251,2020-04-11,5,15,22,26,54,58,58 22 26 15 54 05
2252,2020-04-15,1,17,30,37,46,50,46 50 01 17 37 30
2253,2020-04-18,31,32,33,39,52,55,32 39 55 33 52 31
2254,2020-04-22,4,9,24,44,47,56,47 04 24 44 56 09
2255,2020-04-25,15,20,39,41,49,57,20 15 57 49 39 41
2256,2020-04-29,9,10,30,37,47,54,09 37 30 10 54 47
2257,2020-05-02,18,21,30,31,34,51,18 30 21 31 34 51
2258,2020-05-05,1,5,7,14,23,26,26 07 01 23 14 05
2259,2020-05-07,20,27,41,54,56,58,54 56 58 20 27 41
2260,2020-05-09,12,14,34,35,37,47,37 12 14 34 35 47
2261,2020-05-13,7,23,26,27,29,51,23 26 51 27 29 07
2262,2020-05-16,7,8,14,23,30,46,07 30 46 23 08 14
2263,2020-05-20,9,24,33,43,49,57,43 49 57 33 09 24
2264,2020-05-23,2,3,8,19,29,37,29 19 08 02 37 03
2265,2020-05-27,14,20,23,39,46,50,50 20 46 23 14 39
2266,2020-05-30,10,23,31,37,58,59,23 37 59 10 58 31
2267,2020-06-03,20,32,33,48,49,53,48 49 53 20 32 33
2268,2020-06-06,4,13,23,28,30,52,04 30 52 23 13 28
2269,2020-06-10,1,11,14,23,29,55,55 14 23 29 11 01
2270,2020-06-13,14,16,38,39,41,48,41 16 48 14 38 39
2271,2020-06-17,6,10,27,28,41,52,06 10 41 52 27 28
2272,2020-06-20,2,5,11,24,41,49,05 41 11 49 24 02
2273,2020-06-24,15,16,20,38,40,58,58 15 20 16 38 40
2274,2020-06-27,8,11,17,33,40,55,08 55 40 11 33 17
2275,2020-07-01,2,4,25,36,50,53,25 50 02 53 04 36
2276,2020-07-04,5,15,18,27,49,57,49 27 05 18 57 15
2277,2020-07-08,10,22,23,37,53,60,23 10 53 60 22 37
2278,2020-07-11,8,17,34,37,43,45,34 17 37 43 08 45
2279,2020-07-14,5,12,14,20,27,28,28 12 20 05 27 14
2280,2020-07-16,28,29,31,50,58,59,50 28 58 29 59 31
2281,2020-07-18,14,27,35,40,50,55,35 40 14 55 50 27
2282,2020-07-22,12,27,30,36,45,52,30 52 12 27 36 45
2283,2020-07-25,4,24,37,43,59,60,24 04 37 43 59 60
2284,2020-07-29,4,10,12,14,36,46,46 36 12 10 04 14
2285,2020-08-01,1,7,10,12,33,42,12 10 33 07 42 01
2286,2020-08-05,9,21,30,41,42,43,42 43 41 09 21 30
2287,2020-08-08,2,4,6,29,41,56,29 04 02 41 06 56
2288,2020-08-11,2,26,35,39,40,56,35 39 02 26 56 40
2289,2020-08-13,6,9,34,37,38,45,06 34 37 38 45 09
2290,2020-08-15,5,18,36,44,57,60,60 36 05 57 44 18
2291,2020-08-19,12,26,31,36,37,49,37 31 26 12 36 49
2292,2020-08-22,6,16,18,33,42,57,18 57 06 33 42 16
2293,2020-08-26,1,2,10,37,42,48,01 48 42 10 02 37
2294,2020-08-29,9,15,20,33,41,43,09 43 20 41 33 15
2295,2020-09-02,6,13,26,28,35,41,28 06 41 26 35 13
2296,2020-09-05,1,6,21,29,36,59,29 06 36 59 21 01
2297,2020-09-09,20,22,35,40,41,59,20 22 41 59 35 40
2298,2020-09-12,13,17,21,31,41,49,13 21 49 41 17 31
2299,2020-09-15,2,3,19,40,44,60,03 40 19 60 02 44
2300,2020-09-17,9,21,37,39,43,54,37 39 21 09 54 43
2301,2020-09-19,17,18,35,36,47,52,18 36 47 52 35 17
2302,2020-09-23,18,22,25,27,43,44,44 43 25 18 27 22
2303,2020-09-26,3,7,17,20,48,50,17 50 48 20 03 07
2304,2020-09-30,12,21,29,54,56,57,12 54 57 21 29 56
2305,2020-10-03,7,16,22,38,55,57,57 55 38 07 16 22
2306,2020-10-07,3,19,28,33,57,58,28 58 19 03 57 33
2307,2020-10-10,16,33,38,46,53,55,38 53 46 55 33 16
2308,2020-10-14,9,13,26,38,58,60,26 09 58 38 60 13
2309,2020-10-17,9,11,29,30,33,60,33 60 11 29 09 30
2310,2020-10-20,13,17,28,29,42,53,13 42 17 28 53 29
2311,2020-10-22,3,5,9,35,43,60,60 09 35 43 05 03
2312,2020-10-24,3,27,39,46,47,60,60 39 03 46 47 27
2313,2020-10-28,3,20,26,45,49,58,45 03 58 26 20 49
2314,2020-10-31,6,7,28,42,45,49,28 06 07 42 45 49
2315,2020-11-04,1,10,17,26,30,53,10 17 01 26 30 53
2316,2020-11-07,2,11,43,49,52,56,49 11 56 43 52 02
2317,2020-11-11,3,8,30,33,35,48,35 48 30 33 03 08
2318,2020-11-14,28,44,52,54,58,60,54 58 52 28 44 60
2319,2020-11-18,6,17,25,35,40,49,17 25 06 35 49 40
2320,2020-11-21,6,30,35,39,42,48,30 06 35 48 39 42
2321,2020-11-25,14,25,28,41,43,46,41 43 25 28 14 46
2322,2020-11-28,2,5,10,29,34,41,05 10 02 29 34 41
2323,2020-12-02,20,27,35,39,50,59,35 27 39 20 50 59
2324,2020-12-05,2,16,19,31,43,60,31 02 43 19 60 16
2325,2020-12-08,33,34,37,46,52,60,33 37 60 34 46 52
2326,2020-12-10,10,16,27,34,36,57,27 36 34 16 57 10
2327,2020-12-12,30,37,45,54,57,58,54 45 30 57 37 58
2328,2020-12-16,8,11,14,39,48,53,11 08 39 14 48 53
2329,2020-12-19,12,14,28,42,45,55,42 28 45 14 12 55
2330,2020-12-31,17,20,22,35,41,42,22 35 17 41 20 42
2331,2021-01-02,11,13,16,36,53,57,53 16 11 57 13 36
2332,2021-01-06,12,33,35,36,44,52,12 33 44 52 35 36
2333,2021-01-09,9,16,31,41,53,55,41 53 55 09 16 31
2334,2021-01-13,4,13,20,22,25,60,22 04 20 25 13 60
2335,2021-01-16,9,18,23,42,47,49,18 42 49 47 09 23
2336,2021-01-20,8,10,20,27,28,50,20 27 50 08 10 28
2337,2021-01-23,2,9,34,49,51,55,02 51 49 09 34 55
2338,2021-01-26,8,21,23,34,42,47,21 08 34 47 42 23
2339,2021-01-28,4,18,29,47,48,59,04 48 59 29 47 18
2340,2021-01-30,16,21,28,41,49,51,49 41 16 51 28 21
2341,2021-02-03,4,9,31,32,42,46,09 46 04 32 31 42
2342,2021-02-06,17,20,24,27,40,60,20 24 17 27 40 60
2343,2021-02-10,4,31,42,45,49,56,56 49 31 04 45 42
2344,2021-02-13,11,17,25,38,52,57,38 11 52 57 17 25
2345,2021-02-17,7,16,19,22,28,55,16 22 07 55 19 28
2346,2021-02-20,3,4,11,40,42,58,04 58 03 40 11 42
2347,2021-02-24,8,9,17,30,58,60,17 58 09 60 30 08
2348,2021-02-27,2,3,7,48,51,54,02 03 51 48 54 07
2349,2021-03-03,5,10,25,32,49,54,54 25 05 10 49 32
2350,2021-03-06,25,28,29,34,41,45,45 28 34 29 25 41
2351,2021-03-10,19,22,35,41,47,49,35 49 19 22 47 41
2352,2021-03-13,9,17,38,41,49,55,17 55 09 41 38 49
2353,2021-03-17,3,19,34,41,48,53,19 03 34 53 48 41
2354,2021-03-20,6,18,25,30,42,54,18 54 25 06 30 42
2355,2021-03-24,7,30,31,41,50,56,31 07 30 41 56 50
2356,2021-03-27,3,10,25,36,51,58,51 36 03 58 10 25
2357,2021-03-31,19,28,30,34,40,51,28 34 51 19 40 30
2358,2021-04-03,5,9,11,16,43,57,05 43 16 11 09 57
2359,2021-04-06,31,32,39,42,43,51,39 42 43 51 31 32
2360,2021-04-08,10,15,21,24,29,45,15 21 24 45 29 10
2361,2021-04-10,14,21,22,29,35,46,46 21 35 29 14 22
2362,2021-04-14,3,20,22,32,35,50,35 22 32 20 50 03
2363,2021-04-17,6,14,24,34,39,58,34 06 58 39 14 24
2364,2021-04-22,20,33,42,44,51,56,42 56 33 20 51 44
2365,2021-04-24,1,17,28,37,44,50,44 50 17 28 37 01
2366,2021-04-28,4,27,33,35,38,41,33 41 38 27 04 35
2367,2021-04-30,5,23,29,34,53,60,29 05 23 34 53 60
2368,2021-05-04,4,7,13,25,36,58,13 07 36 25 58 04
2369,2021-05-06,4,9,17,19,37,60,60 09 19 04 17 37
2370,2021-05-08,7,31,37,42,44,56,56 31 37 07 44 42
2371,2021-05-12,4,15,30,36,39,48,30 48 36 04 39 15
2372,2021-05-15,3,19,25,44,46,57,19 25 44 46 03 57
2373,2021-05-19,23,24,26,44,49,60,44 26 23 49 60 24
2374,2021-05-22,12,13,25,37,39,41,25 37 39 13 41 12
2375,2021-05-26,2,6,44,46,53,58,58 06 46 53 44 02
2376,2021-05-29,12,14,17,18,19,22,22 12 17 18 19 14
2377,2021-06-02,5,18,29,35,43,44,35 05 44 18 43 29
2378,2021-06-05,11,37,38,41,49,54,37 49 41 54 11 38
2379,2021-06-09,2,8,26,32,46,56,26 32 56 02 08 46
2380,2021-06-12,11,16,20,24,39,53,53 39 11 16 20 24
2381,2021-06-16,7,23,32,41,42,47,47 41 32 07 23 42
2382,2021-06-19,6,9,19,38,53,55,53 06 19 09 38 55
2383,2021-06-23,13,15,16,20,40,41,41 16 40 20 15 13
2384,2021-06-26,9,13,22,25,26,31,25 26 09 13 22 31
2385,2021-06-29,12,24,32,37,43,60,32 12 43 37 24 60
2386,2021-07-01,11,13,16,35,49,50,35 13 11 50 49 16
2387,2021-07-03,8,26,30,31,38,48,38 26 30 08 31 48
2388,2021-07-07,8,30,33,37,45,48,08 37 45 48 33 30
2389,2021-07-10,16,30,37,39,40,51,39 30 16 51 37 40
2390,2021-07-14,9,13,20,22,32,56,20 13 09 56 32 22
2391,2021-07-17,5,8,13,27,36,50,05 08 13 27 50 36
2392,2021-07-21,11,15,23,25,34,53,53 34 25 15 23 11
2393,2021-07-24,26,27,28,32,38,51,32 28 38 51 27 26
2394,2021-07-28,5,16,25,36,42,44,42 44 05 25 36 16
2395,2021-07-31,4,11,12,44,45,57,44 11 04 45 57 12
2396,2021-08-04,2,3,25,39,42,49,03 25 02 49 42 39
2397,2021-08-07,6,14,20,39,46,48,06 14 48 46 20 39
2398,2021-08-10,8,17,30,36,54,59,36 59 17 30 08 54
2399,2021-08-12,27,35,42,44,51,52,52 42 35 27 51 44
2400,2021-08-14,9,21,25,26,36,53,09 26 36 25 21 53
2401,2021-08-18,8,11,13,33,38,48,08 38 13 33 11 48
2402,2021-08-21,6,22,25,29,30,60,60 29 06 30 25 22
2403,2021-08-25,10,12,14,32,33,34,32 12 14 34 33 10
2404,2021-08-28,1,19,35,40,47,54,19 35 01 40 47 54
2405,2021-09-01,21,38,48,49,53,59,21 38 59 53 49 48
2406,2021-09-04,8,12,29,43,54,60,29 43 12 08 54 60
2407,2021-09-08,13,17,31,43,54,55,17 43 31 13 55 54
2408,2021-09-11,4,29,30,38,43,57,29 38 57 04 30 43
2409,2021-09-15,2,29,39,49,52,58,58 39 49 02 52 29
2410,2021-09-18,7,10,27,35,43,59,10 59 35 43 07 27
2411,2021-09-22,7,26,29,34,43,44,07 26 43 44 34 29
2412,2021-09-25,9,16,34,36,49,60,16 60 36 34 09 49
2413,2021-09-28,3,22,37,40,41,48,48 37 22 03 40 41
2414,2021-09-30,4,5,6,14,29,38,04 14 29 06 05 38
2415,2021-10-02,10,12,26,29,35,60,29 12 60 26 35 10
2416,2021-10-06,6,7,11,26,37,57,06 37 57 26 11 07
2417,2021-10-09,3,7,10,11,27,46,03 11 27 46 07 10
2418,2021-10-13,2,11,19,27,57,60,19 57 27 11 60 02
2419,2021-10-16,10,35,43,48,50,53,10 53 43 48 35 50
2420,2021-10-19,5,8,29,39,44,60,08 44 60 05 39 29
2421,2021-10-21,2,3,32,35,48,57,32 48 35 57 02 03
2422,2021-10-23,2,7,10,20,30,46,07 30 02 46 10 20
2423,2021-10-27,16,18,38,48,51,60,51 18 48 60 38 16
2424,2021-10-30,3,16,17,37,38,53,17 03 38 53 16 37
2425,2021-11-03,10,31,38,46,49,54,46 38 31 10 54 49
2426,2021-11-06,5,11,24,27,32,57,57 27 24 11 32 05
2427,2021-11-10,3,19,25,37,44,56,56 03 19 25 37 44
2428,2021-11-13,3,9,25,28,29,39,25 03 28 29 09 39
2429,2021-11-17,11,37,53,55,56,60,60 11 56 37 53 55
2430,2021-11-20,19,26,39,45,46,56,26 19 46 56 45 39
2431,2021-11-24,8,11,22,25,26,36,11 36 26 25 08 22
2432,2021-11-27,7,29,38,40,44,52,52 44 29 38 07 40
2433,2021-12-01,8,9,32,52,53,57,08 53 09 57 32 52
2434,2021-12-04,1,2,14,28,40,51,28 14 40 02 51 01
2435,2021-12-07,5,22,30,32,33,36,32 30 36 33 22 05
2436,2021-12-09,5,15,28,32,38,54,38 54 32 15 05 28
2437,2021-12-11,1,19,41,46,48,55,41 19 55 01 46 48
2438,2021-12-15,4,11,19,25,37,55,37 11 55 25 04 19
2439,2021-12-18,2,8,34,38,47,51,47 38 02 34 51 08
2440,2021-12-31,12,15,23,32,33,46,46 32 15 12 23 33
2441,2022-01-05,9,41,42,46,47,54,42 09 41 54 46 47
2442,2022-01-08,2,7,9,25,41,49,49 09 07 02 41 25
2443,2022-01-12,1,5,12,13,17,31,31 01 12 13 05 17
2444,2022-01-15,15,17,20,35,37,43,17 43 20 35 37 15
2445,2022-01-19,11,25,32,37,47,56,25 32 47 11 37 56
2446,2022-01-22,1,13,27,41,51,58,13 58 51 27 01 41
2447,2022-01-25,13,19,29,42,49,52,52 13 19 42 49 29
2448,2022-01-27,18,30,32,35,40,48,32 48 30 40 35 18
2449,2022-01-29,14,20,21,31,49,52,14 49 52 31 20 21
2450,2022-02-02,2,6,11,15,17,39,17 39 11 06 15 02
2451,2022-02-05,13,26,31,46,51,60,13 51 26 60 31 46
2452,2022-02-09,8,10,51,56,57,58,56 57 08 10 51 58
2453,2022-02-12,10,14,15,24,34,44,44 24 10 34 14 15
2454,2022-02-16,9,14,22,24,44,47,14 44 22 09 24 47
2455,2022-02-19,21,38,50,53,56,59,59 53 38 21 50 56
2456,2022-02-22,28,34,40,41,52,55,52 41 28 55 40 34
2457,2022-02-24,10,19,46,47,49,50,50 49 19 47 10 46
2458,2022-02-26,15,40,44,45,47,51,44 47 15 40 51 45
2459,2022-03-03,15,24,33,49,53,59,33 49 15 59 24 53
2460,2022-03-05,16,17,18,28,35,47,35 18 28 17 16 47
2461,2022-03-09,8,11,16,21,32,37,37 32 21 11 16 08
2462,2022-03-12,3,16,23,41,45,57,03 16 57 23 45 41
2463,2022-03-16,11,16,31,37,42,51,11 31 16 42 51 37
2464,2022-03-19,2,7,24,43,52,56,02 43 07 52 24 56
2465,2022-03-23,3,8,23,29,53,54,29 54 53 08 03 23
2466,2022-03-26,2,3,13,20,53,54,54 53 20 02 13 03
2467,2022-03-30,1,10,19,34,35,45,01 10 45 19 35 34
2468,2022-04-02,22,35,41,42,53,57,22 41 53 42 35 57
2469,2022-04-06,5,28,30,38,52,55,05 55 38 30 28 52
2470,2022-04-09,8,33,40,42,48,51,51 08 48 42 33 40
2471,2022-04-13,8,23,29,30,36,55,30 08 23 29 55 36
2472,2022-04-16,5,13,18,23,35,36,18 05 13 23 36 35
2473,2022-04-20,15,18,28,42,55,60,55 15 28 60 42 18
2474,2022-04-23,22,30,38,39,49,56,38 30 22 49 56 39
2475,2022-04-26,1,40,44,45,58,60,60 45 01 44 58 40
2476,2022-04-28,2,7,32,46,49,55,46 49 02 55 07 32
2477,2022-04-30,20,33,37,38,49,50,20 49 33 37 50 38
2478,2022-05-04,2,17,23,28,39,46,02 23 28 46 17 39
2479,2022-05-07,10,15,17,20,21,35,21 10 35 20 17 15
2480,2022-05-11,4,6,9,31,50,56,31 56 06 04 50 09
2481,2022-05-14,1,8,21,27,36,37,01 37 36 21 08 27
2482,2022-05-18,1,32,35,44,45,57,32 01 57 44 35 45
2483,2022-05-21,20,34,38,40,49,54,54 49 34 38 40 20
2484,2022-05-25,11,14,36,41,54,59,59 36 41 54 14 11
2485,2022-05-28,5,12,32,38,47,60,60 12 38 47 05 32
2486,2022-05-31,8,9,17,19,33,56,19 08 09 33 17 56
2487,2022-06-02,23,36,42,48,54,58,54 42 48 36 23 58
2488,2022-06-04,17,31,34,40,56,57,40 34 57 31 17 56
2489,2022-06-08,3,10,13,25,41,42,13 10 41 25 42 03
2490,2022-06-11,11,16,17,41,46,59,11 16 41 17 46 59
2491,2022-06-15,22,29,38,43,48,53,53 48 29 43 38 22
2492,2022-06-18,10,30,31,33,42,52,33 10 52 31 42 30
2493,2022-06-22,4,9,37,43,44,56,44 04 56 09 37 43
2494,2022-06-25,1,4,10,22,53,54,22 01 54 04 10 53
2495,2022-06-28,8,12,14,30,33,41,33 41 08 12 30 14
2496,2022-06-30,7,26,31,38,46,58,46 31 26 58 38 07
2497,2022-07-02,5,14,23,46,48,52,14 05 48 52 46 23
2498,2022-07-06,9,12,26,29,46,47,26 47 09 29 46 12
2499,2022-07-09,11,19,38,47,56,59,38 11 56 59 47 19
2500,2022-07-13,5,16,25,32,39,55,32 55 25 16 05 39
2501,2022-07-16,11,27,32,40,58,59,58 32 11 27 59 40
2502,2022-07-20,16,20,21,39,44,55,39 21 16 44 20 55
2503,2022-07-23,3,14,16,38,43,45,45 43 14 16 38 03
2504,2022-07-27,14,33,41,42,44,55,42 14 41 55 44 33
2505,2022-07-30,3,5,19,26,43,51,43 26 05 51 03 19
2506,2022-08-02,21,22,29,34,40,44,21 44 40 34 22 29
2507,2022-08-04,4,6,12,34,35,53,04 34 06 35 12 53
2508,2022-08-06,41,45,48,51,53,58,51 45 41 53 58 48
2509,2022-08-10,8,37,39,50,59,60,50 08 37 59 39 60
2510,2022-08-13,8,13,25,32,44,57,25 32 13 57 08 44
2511,2022-08-17,4,10,15,39,41,49,49 39 04 15 41 10
2512,2022-08-20,7,10,34,47,49,52,47 52 10 49 34 07
2513,2022-08-24,13,19,21,35,46,50,50 21 13 46 35 19
2514,2022-08-27,5,15,24,34,45,52,05 15 52 34 45 24
2515,2022-08-31,3,12,19,41,45,54,54 03 41 12 45 19
2516,2022-09-03,8,17,49,51,52,53,49 17 53 51 08 52
2517,2022-09-08,1,5,6,16,22,39,06 01 22 16 05 39
2518,2022-09-10,3,22,23,44,53,60,22 23 44 03 60 53
2519,2022-09-13,3,8,20,36,38,57,20 08 03 36 57 38
2520,2022-09-15,2,17,22,41,58,60,22 41 02 17 60 58
2521,2022-09-17,23,28,33,38,55,59,59 23 28 55 33 38
2522,2022-09-21,4,5,25,32,39,40,32 04 25 39 40 05
2523,2022-09-24,1,10,27,36,37,45,37 45 01 27 10 36
2524,2022-09-28,3,20,22,37,41,43,22 37 03 41 43 20
2525,2022-10-01,4,13,21,26,47,51,51 47 21 26 13 04
2526,2022-10-05,2,16,24,38,43,59,02 59 24 38 16 43
2527,2022-10-08,8,19,29,38,48,56,48 56 19 38 29 08
2528,2022-10-13,4,15,22,53,56,60,15 60 22 53 56 04
2529,2022-10-15,3,5,32,56,57,59,05 57 56 59 32 03
2530,2022-10-18,14,17,18,28,30,44,14 28 17 18 30 44
2531,2022-10-20,1,5,18,49,55,56,18 56 01 05 49 55
2532,2022-10-22,10,14,17,18,23,30,17 14 30 10 18 23
2533,2022-10-26,17,18,20,37,45,53,53 20 17 37 45 18
2534,2022-10-29,28,36,39,44,56,60,36 56 60 28 44 39
2535,2022-11-03,1,3,24,37,51,56,24 56 01 03 51 37
2536,2022-11-05,9,22,27,30,33,45,45 09 27 30 33 22
2537,2022-11-09,12,24,26,31,37,48,24 26 48 37 12 31
2538,2022-11-12,6,15,19,20,33,52,33 15 06 52 20 19
2539,2022-11-16,1,23,32,33,36,59,59 36 23 01 33 32
2540,2022-11-19,2,8,28,34,41,49,28 08 49 34 41 02
2541,2022-11-22,10,28,45,47,57,59,47 45 28 59 10 57
2542,2022-11-24,12,20,22,25,26,55,25 22 12 26 55 20
2543,2022-11-26,2,5,27,30,46,53,46 05 53 02 27 30
2544,2022-11-30,25,38,45,53,55,56,25 56 55 38 45 53
2545,2022-12-03,20,23,32,36,39,57,57 36 32 39 20 23
2546,2022-12-07,3,23,28,34,38,48,34 03 48 28 23 38
2547,2022-12-10,10,25,31,37,38,57,37 10 38 25 31 57
2548,2022-12-14,9,15,23,25,29,30,25 23 29 30 09 15
2549,2022-12-17,1,6,10,30,33,35,30 10 33 01 06 35
2550,2022-12-31,4,5,10,34,58,59,59 34 04 58 10 05
2551,2023-01-04,1,25,29,43,46,48,25 43 46 48 01 29
2552,2023-01-07,5,24,25,33,38,41,24 38 41 05 33 25
2553,2023-01-10,13,15,53,54,55,58,58 54 15 55 13 53
2554,2023-01-12,19,25,43,44,48,49,43 19 25 44 48 49
2555,2023-01-14,3,20,45,52,53,58,45 58 03 20 52 53
2556,2023-01-18,2,6,10,14,34,56,34 10 14 02 06 56
2557,2023-01-21,3,13,16,25,27,33,13 03 27 25 16 33
2558,2023-01-25,2,10,18,25,34,44,10 25 34 02 18 44
2559,2023-01-28,9,12,20,30,32,35,12 32 35 20 09 30
2560,2023-02-01,4,5,17,20,48,52,52 48 05 20 17 04
2561,2023-02-04,19,22,37,44,51,56,22 44 56 51 37 19
2562,2023-02-08,6,12,32,44,51,57,44 32 57 12 51 06
2563,2023-02-11,5,9,14,30,38,50,05 50 30 14 09 38
2564,2023-02-14,7,8,14,19,32,45,19 14 08 45 32 07
2565,2023-02-16,9,13,25,39,46,54,54 13 25 39 09 46
2566,2023-02-18,11,23,45,53,57,59,53 23 45 57 11 59
2567,2023-02-23,10,11,19,33,58,60,33 10 60 58 11 19
2568,2023-02-25,16,22,29,35,38,49,22 29 49 35 16 38
2569,2023-03-01,6,7,25,28,31,52,06 07 28 31 25 52
2570,2023-03-04,8,18,26,27,47,50,18 26 27 47 50 08
2571,2023-03-08,9,18,33,38,41,51,18 51 38 33 09 41
2572,2023-03-11,3,7,15,22,24,50,24 22 03 15 07 50
2573,2023-03-14,6,26,32,35,37,49,37 06 49 26 32 35
2574,2023-03-16,12,17,43,44,48,60,12 43 48 60 44 17
2575,2023-03-18,4,12,14,41,46,53,46 04 53 14 12 41
2576,2023-03-22,29,32,33,35,38,43,32 29 43 35 38 33
2577,2023-03-25,12,18,22,31,44,50,31 44 22 12 50 18
2578,2023-03-29,37,39,47,50,59,60,47 59 60 37 50 39
2579,2023-04-01,5,10,26,35,38,44,10 26 44 05 35 38
2580,2023-04-05,3,4,13,29,36,43,43 36 03 29 13 04
2581,2023-04-08,14,17,32,36,39,60,17 14 39 60 32 36
2582,2023-04-12,10,14,17,19,21,34,34 10 21 19 14 17
2583,2023-04-15,2,20,27,30,52,59,27 59 02 30 20 52
2584,2023-04-19,1,5,12,36,53,55,53 12 36 55 05 01
2585,2023-04-22,14,26,34,36,43,59,26 43 59 36 34 14
2586,2023-04-26,10,18,41,49,53,59,18 49 41 10 59 53
2587,2023-04-29,5,10,11,22,23,37,05 22 11 37 10 23
2588,2023-05-03,9,13,22,31,57,58,31 22 09 13 57 58
2589,2023-05-06,1,15,16,25,32,36,36 01 16 32 15 25
2590,2023-05-09,2,12,28,36,43,48,43 36 02 48 28 12
2591,2023-05-11,10,11,21,23,28,30,30 28 23 11 21 10
2592,2023-05-13,15,17,28,34,35,51,51 35 34 28 15 17
2593,2023-05-17,10,14,17,25,32,39,14 17 10 32 25 39
2594,2023-05-20,7,26,32,35,49,55,07 55 32 26 49 35
2595,2023-05-24,1,13,34,39,50,52,52 13 01 39 50 34
2596,2023-05-27,34,35,39,47,51,56,35 47 56 39 51 34
2597,2023-05-31,14,26,34,54,56,58,58 56 54 26 14 34
2598,2023-06-03,7,14,24,53,58,60,07 53 14 58 60 24
2599,2023-06-07,23,28,34,43,47,60,43 28 34 23 60 47
2600,2023-06-10,4,18,37,38,46,60,46 04 37 38 60 18
2601,2023-06-14,3,8,34,40,44,55,40 08 34 03 44 55
2602,2023-06-17,11,14,16,30,32,46,32 30 46 11 16 14
2603,2023-06-21,3,7,13,29,52,56,03 56 29 13 52 07
2604,2023-06-24,16,17,19,22,46,57,19 16 17 22 46 57
2605,2023-06-27,5,11,26,35,46,54,05 54 35 46 11 26
2606,2023-06-29,2,10,16,32,45,49,32 45 49 16 10 02
2607,2023-07-01,7,11,25,51,57,60,57 25 11 60 07 51
2608,2023-07-05,7,13,17,24,29,52,07 13 29 17 52 24
2609,2023-07-08,3,21,27,32,35,60,21 35 27 60 03 32
2610,2023-07-12,10,23,34,53,55,57,53 55 10 23 34 57
2611,2023-07-15,4,12,18,21,25,49,25 18 04 49 21 12
2612,2023-07-19,20,27,34,44,50,54,44 50 34 27 54 20
2613,2023-07-22,14,26,40,42,46,52,46 40 26 14 42 52
2614,2023-07-25,3,8,13,14,19,25,03 25 19 14 13 08
2615,2023-07-27,5,7,22,23,41,59,41 23 59 22 07 05
2616,2023-07-29,6,16,23,35,38,49,49 38 06 23 35 16
2617,2023-08-02,3,14,36,42,43,44,44 42 36 03 14 43
2618,2023-08-05,6,17,29,35,45,48,45 17 29 35 48 06
2619,2023-08-09,5,36,39,41,44,50,41 05 50 39 44 36
2620,2023-08-12,4,6,13,21,26,28,26 21 13 04 06 28
2621,2023-08-16,6,9,14,16,42,47,14 47 09 16 42 06
2622,2023-08-19,9,19,22,24,50,60,24 22 50 19 60 09
2623,2023-08-22,10,15,20,35,37,59,59 35 10 15 20 37
2624,2023-08-24,5,31,37,47,52,58,31 58 05 52 37 47
2625,2023-08-26,9,10,35,44,55,58,10 35 09 55 58 44
2626,2023-08-29,1,9,13,16,52,59,16 13 09 01 59 52
2627,2023-08-31,13,25,31,43,57,58,57 31 58 43 13 25
2628,2023-09-02,5,14,32,40,53,54,54 32 05 53 40 14
2629,2023-09-05,11,32,35,40,41,48,48 40 35 41 11 32
2630,2023-09-09,14,18,22,26,31,38,14 18 38 31 26 22
2631,2023-09-12,14,26,36,39,50,53,50 53 14 36 26 39
2632,2023-09-14,5,10,27,38,56,57,10 57 05 56 38 27
2633,2023-09-16,2,23,25,33,45,54,33 45 02 54 25 23
2634,2023-09-19,8,27,28,32,48,56,56 08 28 48 32 27
2635,2023-09-21,6,11,29,37,56,58,37 29 06 58 56 11
2636,2023-09-23,5,16,38,42,43,48,43 16 05 38 42 48
2637,2023-09-26,1,2,10,32,34,59,32 34 10 01 59 02
2638,2023-09-28,9,30,34,44,54,55,44 55 54 30 34 09
2639,2023-09-30,2,8,11,22,48,49,49 22 48 08 11 02
2640,2023-10-03,4,8,10,27,28,32,27 32 28 08 04 10
2641,2023-10-05,9,24,34,39,45,50,39 09 45 24 50 34
2642,2023-10-07,8,13,31,33,49,50,31 08 49 33 50 13
2643,2023-10-10,2,10,29,31,56,59,10 29 56 02 59 31
2644,2023-10-14,4,17,22,28,30,49,22 30 17 04 49 28
2645,2023-10-17,8,22,34,42,51,59,34 59 22 51 42 08
2646,2023-10-19,18,28,30,39,41,58,58 28 41 30 18 39
2647,2023-10-21,9,33,39,43,50,54,54 33 09 50 39 43
2648,2023-10-24,20,44,45,46,56,59,59 45 44 46 56 20
2649,2023-10-26,6,11,26,32,46,56,46 32 11 56 06 26
2650,2023-10-28,9,18,29,37,39,58,37 58 18 39 29 09
2651,2023-11-01,6,23,35,36,37,59,23 59 36 06 35 37
2652,2023-11-04,13,23,26,29,45,59,59 45 23 13 29 26
2653,2023-11-07,14,32,41,43,48,60,43 48 60 14 41 32
2654,2023-11-09,11,17,23,36,47,51,23 17 47 51 36 11
2655,2023-11-11,10,23,30,31,49,56,30 31 49 23 56 10
2656,2023-11-14,20,24,27,46,57,58,57 27 46 20 24 58
2657,2023-11-18,7,27,32,33,36,53,07 53 33 36 32 27
2658,2023-11-21,5,13,39,51,58,60,60 51 13 05 39 58
2659,2023-11-23,11,36,46,53,55,60,36 55 60 53 11 46
2660,2023-11-25,6,12,13,20,38,60,13 38 60 06 12 20
2661,2023-11-28,6,30,35,38,41,56,35 38 30 41 56 06
2662,2023-11-30,17,20,31,34,40,42,31 20 42 40 17 34
2663,2023-12-02,7,11,27,41,56,59,27 07 56 11 41 59
2664,2023-12-05,12,15,17,30,40,52,15 40 17 12 52 30
2665,2023-12-07,3,14,21,22,37,39,03 39 21 22 14 37
2666,2023-12-09,5,25,29,30,43,47,29 05 43 47 30 25
2667,2023-12-12,1,4,8,21,46,51,04 46 21 51 08 01
2668,2023-12-14,1,27,30,41,46,57,46 30 41 27 01 57
2669,2023-12-16,4,7,16,35,46,54,07 04 35 16 46 54
2670,2023-12-31,21,24,33,41,48,56,24 56 33 48 21 41
2671,2024-01-04,16,19,43,53,57,58,53 43 19 16 58 57
2672,2024-01-06,10,13,20,40,43,56,40 10 13 20 56 43
2673,2024-01-09,4,27,35,45,52,56,35 45 52 04 27 56
2674,2024-01-11,8,14,15,21,23,46,46 23 15 21 14 08
2675,2024-01-13,1,26,31,34,42,45,34 45 31 26 42 01
2676,2024-01-16,4,6,14,19,22,29,14 04 19 29 22 06
2677,2024-01-18,3,7,32,34,42,54,03 54 07 34 42 32
2678,2024-01-20,10,13,16,18,37,54,16 54 13 37 10 18
2679,2024-01-23,7,18,20,26,38,51,26 07 38 51 18 20
2680,2024-01-25,3,11,42,45,46,57,45 57 03 11 42 46
2681,2024-01-27,10,20,30,42,47,53,47 20 30 42 53 10
2682,2024-01-30,4,17,29,30,52,58,29 04 17 58 30 52
2683,2024-02-01,1,3,23,27,47,57,03 57 27 01 47 23
2684,2024-02-03,17,26,45,46,48,53,26 45 53 48 46 17
2685,2024-02-06,9,16,31,46,47,51,51 46 09 31 47 16
2686,2024-02-08,6,12,20,41,43,59,06 41 12 43 20 59
2687,2024-02-10,2,4,24,30,34,50,02 30 34 04 24 50
2688,2024-02-15,12,17,33,41,46,54,12 33 41 46 17 54
2689,2024-02-17,9,16,20,47,48,52,16 48 52 47 09 20
2690,2024-02-20,9,28,33,43,45,55,43 45 09 28 55 33
2691,2024-02-22,13,15,28,37,40,57,15 28 40 37 57 13
2692,2024-02-24,9,33,45,55,56,59,56 33 55 45 09 59
2693,2024-02-27,11,29,44,45,46,50,50 29 44 11 46 45
2694,2024-02-29,7,20,22,29,41,58,41 22 07 20 58 29
2695,2024-03-02,15,17,32,33,34,40,40 33 34 17 15 32
2696,2024-03-05,4,13,18,39,55,59,13 39 55 04 59 18
2697,2024-03-07,10,11,13,25,27,42,25 42 13 11 10 27
2698,2024-03-09,2,18,19,35,45,60,60 02 18 35 45 19
2699,2024-03-12,9,23,31,49,54,58,31 23 49 54 09 58
2700,2024-03-14,1,11,19,20,28,48,11 19 28 20 01 48
2701,2024-03-16,6,15,18,31,32,47,06 18 47 31 32 15
2702,2024-03-19,6,13,20,34,40,46,40 46 06 20 13 34
2703,2024-03-21,3,7,11,35,38,56,56 03 35 11 38 07
2704,2024-03-23,3,7,10,25,31,52,03 25 31 10 07 52
2705,2024-03-26,2,16,22,27,35,47,35 02 47 22 27 16
2706,2024-03-30,10,11,17,24,30,45,45 24 17 30 10 11
2707,2024-04-02,7,9,11,39,54,57,39 09 11 54 07 57
2708,2024-04-04,10,11,12,19,23,28,19 11 12 10 28 23
2709,2024-04-06,12,22,23,24,47,53,22 12 23 47 24 53
2710,2024-04-09,5,6,25,42,44,50,44 50 25 42 05 06
2711,2024-04-11,14,36,38,46,55,60,36 55 14 38 60 46
2712,2024-04-13,7,15,19,35,40,42,35 19 07 40 42 15
2713,2024-04-16,9,23,25,26,35,58,58 09 23 35 25 26
2714,2024-04-18,16,17,42,45,52,57,17 45 57 42 52 16
2715,2024-04-20,7,19,25,46,50,53,25 19 53 07 50 46
2716,2024-04-23,5,20,27,28,48,49,48 27 28 49 20 05
2717,2024-04-25,6,22,34,36,44,50,36 06 50 34 22 44
2718,2024-04-27,6,30,34,41,46,59,41 34 59 46 30 06
2719,2024-04-30,16,25,27,30,42,48,42 25 48 27 16 30
2720,2024-05-04,8,15,16,23,42,43,43 15 42 16 23 08
2721,2024-05-07,9,10,11,25,46,48,48 09 11 46 10 25
2722,2024-05-09,19,23,25,36,44,46,36 25 44 23 19 46
2723,2024-05-11,6,12,19,28,50,60,06 12 28 60 19 50
2724,2024-05-14,11,21,24,26,42,54,24 54 26 21 11 42
2725,2024-05-16,2,10,32,33,38,47,47 33 32 38 02 10
2726,2024-05-18,27,45,49,53,55,59,59 27 53 55 49 45
2727,2024-05-21,4,32,39,48,51,57,51 39 04 32 57 48
2728,2024-05-23,2,9,11,25,43,51,02 43 11 09 25 51
2729,2024-05-25,20,27,41,47,53,54,47 54 20 41 27 53
2730,2024-05-28,7,24,29,41,46,60,46 29 41 60 24 07
2731,2024-06-01,4,12,32,45,49,58,49 12 58 32 04 45
2732,2024-06-04,1,3,16,18,49,60,18 49 01 60 16 03
2733,2024-06-06,14,20,21,39,44,56,20 14 56 39 21 44
2734,2024-06-08,21,27,35,48,59,60,48 35 60 59 21 27
2735,2024-06-11,5,33,46,47,53,59,47 53 59 46 05 33
2736,2024-06-13,11,17,24,26,35,43,35 26 24 11 17 43
2737,2024-06-15,16,20,30,34,37,45,30 20 37 34 16 45
2738,2024-06-18,2,19,25,44,46,60,44 46 02 60 19 25
2739,2024-06-20,19,25,37,45,47,53,53 25 19 45 47 37
2740,2024-06-22,13,16,17,34,41,47,17 41 34 13 47 16
2741,2024-06-25,1,33,35,39,42,56,42 33 01 35 39 56
2742,2024-06-27,2,11,25,32,37,57,11 02 25 37 32 57
2743,2024-06-29,13,25,27,30,37,53,27 37 25 53 13 30
2744,2024-07-02,10,25,26,33,34,38,34 25 33 10 26 38
2745,2024-07-04,2,5,7,11,52,57,07 11 02 52 57 05
2746,2024-07-06,22,27,30,43,51,56,30 22 27 51 43 56
2747,2024-07-10,14,17,24,28,36,45,28 14 36 45 24 17
2748,2024-07-13,19,32,43,46,50,52,19 52 46 50 43 32
2749,2024-07-16,8,25,27,38,43,44,27 38 43 08 44 25
2750,2024-07-18,7,11,12,19,36,52,11 07 36 52 19 12
2751,2024-07-20,4,13,18,42,52,53,42 18 53 13 52 04
2752,2024-07-23,4,15,24,40,44,47,15 24 44 40 04 47
2753,2024-07-25,6,26,31,46,52,55,46 55 06 31 52 26
2754,2024-07-27,10,14,44,55,56,58,55 10 44 14 56 58
2755,2024-07-30,7,13,17,33,41,58,58 07 17 33 41 13
2756,2024-08-01,1,6,13,18,43,46,01 46 13 18 06 43
2757,2024-08-03,1,21,37,40,51,54,21 51 54 37 01 40
2758,2024-08-06,19,35,36,37,41,60,35 41 19 36 60 37
2759,2024-08-08,3,10,38,40,48,59,10 03 48 40 59 38
2760,2024-08-10,8,11,19,39,47,48,08 47 19 48 39 11
2761,2024-08-13,3,22,34,44,49,57,03 57 44 49 22 34
2762,2024-08-15,1,17,30,40,48,50,01 30 48 50 40 17
2763,2024-08-17,15,16,19,43,44,49,16 49 19 44 43 15
2764,2024-08-20,20,31,34,38,42,51,51 31 20 38 34 42
2765,2024-08-22,8,12,34,39,43,47,39 12 47 08 43 34
2766,2024-08-24,9,10,34,36,38,44,10 09 38 34 44 36
2767,2024-08-27,14,21,42,47,50,59,42 14 21 59 50 47
2768,2024-08-29,2,12,18,28,32,33,02 18 32 28 33 12
2769,2024-08-31,10,16,35,46,49,60,16 35 10 60 46 49
2770,2024-09-03,21,28,37,44,50,60,37 50 44 28 60 21
2771,2024-09-06,7,13,14,33,38,50,50 33 07 13 14 38
2772,2024-09-10,1,12,33,41,53,56,53 56 41 01 33 12
2773,2024-09-12,19,23,32,34,38,57,23 19 34 38 32 57
2774,2024-09-14,6,16,22,24,38,50,24 06 16 22 38 50
2775,2024-09-17,1,4,14,26,44,51,01 51 14 44 04 26
2776,2024-09-19,5,17,22,37,51,52,51 17 22 52 05 37
2777,2024-09-21,2,13,21,38,42,52,52 42 38 02 13 21
2778,2024-09-24,20,33,34,40,43,57,57 20 34 43 40 33
2779,2024-09-26,14,19,32,44,51,54,44 54 51 19 14 32
2780,2024-09-28,7,9,10,14,46,53,46 10 53 07 09 14
2781,2024-10-01,10,31,35,45,50,55,35 31 55 50 10 45
2782,2024-10-03,6,11,16,25,28,45,28 06 45 16 11 25
2783,2024-10-05,7,30,38,39,43,54,30 07 39 38 54 43
2784,2024-10-08,27,30,35,44,57,59,35 57 59 44 27 30
2785,2024-10-11,20,27,48,50,57,59,50 48 57 20 27 59
2786,2024-10-16,6,11,17,20,40,51,06 17 11 51 20 40
2787,2024-10-19,8,10,23,34,36,50,10 50 36 34 23 08
2788,2024-10-22,23,37,39,47,52,56,37 39 47 56 52 23
2789,2024-10-24,3,17,18,19,20,55,19 03 17 55 20 18
2790,2024-10-26,29,32,40,42,49,58,32 49 42 40 29 58
2791,2024-10-29,2,3,11,25,37,43,37 03 25 11 02 43
2792,2024-11-01,16,22,33,34,49,59,49 16 33 59 22 34
2793,2024-11-05,7,9,25,37,57,59,07 59 37 57 09 25
2794,2024-11-07,3,9,14,20,28,52,03 14 28 52 20 09
2795,2024-11-09,13,16,33,43,46,55,13 16 55 43 46 33
2796,2024-11-13,3,6,14,33,55,58,14 58 06 33 03 55
2797,2024-11-16,1,3,15,25,45,52,25 03 52 45 01 15
2798,2024-11-19,3,9,18,54,59,60,
2799,2024-11-23,1,31,38,40,45,60,
2800,2024-11-26,1,13,19,46,50,57,
2801,2024-11-28,25,27,33,46,48,56,
2802,2024-11-30,17,21,26,28,32,60,
2803,2024-12-03,1,20,32,43,57,59,
2804,2024-12-05,14,24,25,31,33,60,
2805,2024-12-07,1,6,24,47,55,58,
2806,2024-12-10,5,11,13,33,45,46,
2807,2024-12-12,8,25,49,52,55,56,
2808,2024-12-14,10,24,33,35,41,46,
2809,2024-12-17,2,4,15,28,34,39,
2810,2024-12-31,1,17,19,29,50,57,
2811,2025-01-04,8,27,36,37,39,45,
2812,2025-01-07,15,18,27,31,39,42,
2813,2025-01-09,10,21,32,38,51,58,
2814,2025-01-11,11,17,19,26,49,54,
2815,2025-01-14,5,20,28,38,50,53,
2816,2025-01-16,4,17,19,20,40,48,
2817,2025-01-18,24,30,43,46,55,60,
2818,2025-01-21,7,10,12,15,25,47,
2819,2025-01-23,11,12,39,43,46,50,
2820,2025-01-25,6,15,19,25,32,42,
2821,2025-01-28,14,22,30,33,44,45,
2822,2025-01-30,29,39,46,47,53,56,
2823,2025-02-01,7,15,21,37,57,60,
2824,2025-02-04,4,16,34,43,54,57,
2825,2025-02-06,2,38,50,54,58,59,
2826,2025-02-08,6,10,20,54,58,60,
2827,2025-02-11,1,11,13,27,45,59,
2828,2025-02-13,15,21,25,55,58,59,
2829,2025-02-15,13,22,38,46,51,56,
2830,2025-02-18,1,28,34,36,51,52,
2831,2025-02-20,2,9,32,38,48,55,
2832,2025-02-22,2,12,18,21,24,37,
2833,2025-02-25,1,3,13,16,36,56,
2834,2025-02-27,5,8,11,15,39,47,
2835,2025-03-01,9,24,27,36,43,54,
2836,2025-03-06,1,6,10,30,42,50,
2837,2025-03-08,3,14,34,35,42,50,
2838,2025-03-11,4,7,29,32,36,53,
2839,2025-03-13,27,30,37,40,46,47,
2840,2025-03-15,1,33,39,49,57,60,
2841,2025-03-18,4,5,12,34,36,48,
2842,2025-03-20,4,8,49,51,52,55,
2843,2025-03-22,1,37,39,40,43,59,
2844,2025-03-25,7,20,31,54,55,58,
2845,2025-03-27,10,31,40,52,54,56,
2846,2025-03-29,1,12,16,17,25,57,
2847,2025-04-01,3,5,22,35,53,56,
2848,2025-04-03,5,14,19,29,30,54,
2849,2025-04-05,13,19,25,29,31,43,
2850,2025-04-08,1,2,15,26,43,50,
2851,2025-04-10,5,6,17,37,43,54,
2852,2025-04-12,6,22,24,49,53,56,
2853,2025-04-15,4,18,23,48,53,56,
2854,2025-04-19,2,13,16,31,44,55,
2855,2025-04-24,12,16,24,31,51,55,
2856,2025-04-26,3,5,10,27,38,48,
2857,2025-04-29,2,18,28,38,41,50,
2858,2025-05-03,8,18,27,28,48,52,
2859,2025-05-06,7,8,15,17,20,51,
2860,2025-05-08,2,5,17,24,38,57,
2861,2025-05-10,2,21,27,46,51,53,
2862,2025-05-13,2,4,14,18,22,44,
2863,2025-05-15,5,23,32,34,47,56,
2864,2025-05-17,5,6,15,17,31,53,
2865,2025-05-20,2,25,30,39,47,51,
2866,2025-05-22,1,12,17,19,36,60,
2867,2025-05-24,5,9,15,24,25,60,
2868,2025-05-27,10,19,22,26,38,51,
2869,2025-05-29,2,10,13,40,41,53,
2870,2025-05-31,6,13,15,19,32,60,
2871,2025-06-03,4,19,38,43,48,55,
2872,2025-06-05,8,23,32,34,35,57,
2873,2025-06-07,4,5,17,27,52,56,
2874,2025-06-10,4,5,9,17,49,53,
2875,2025-06-12,6,15,31,38,40,49,
2876,2025-06-14,9,31,32,40,45,55,
2877,2025-06-17,3,5,15,37,54,57,
2878,2025-06-21,15,16,43,46,47,51,
2879,2025-06-24,11,20,29,47,52,56,
2880,2025-06-26,8,14,15,33,34,54,
2881,2025-06-28,11,13,16,34,35,39,
2882,2025-07-01,11,15,19,23,49,51,
2883,2025-07-03,1,40,43,56,57,60,
2884,2025-07-05,5,31,34,37,52,56,
2885,2025-07-08,10,25,28,36,37,56,
2886,2025-07-10,2,13,19,20,55,59,
2887,2025-07-12,14,29,30,50,53,57,
2888,2025-07-15,3,9,15,27,39,59,
2889,2025-07-17,13,16,36,39,40,55,
2890,2025-07-19,15,16,18,32,35,54,
2891,2025-07-22,19,24,26,34,35,54,
2892,2025-07-24,14,24,36,44,46,54,
2893,2025-07-26,10,40,41,45,48,50,
2894,2025-07-29,5,21,24,25,29,49,
2895,2025-07-31,9,11,44,51,52,56,
2896,2025-08-02,8,9,12,16,43,53,
2897,2025-08-05,1,6,24,27,28,57,
2898,2025-08-07,14,23,30,32,38,48,
2899,2025-08-09,10,22,28,42,44,51,
2900,2025-08-12,33,50,54,55,59,60,
2901,2025-08-14,2,20,28,38,44,47,
2902,2025-08-16,8,21,22,42,45,48,
2903,2025-08-19,20,24,27,46,50,54,
2904,2025-08-21,2,37,38,46,52,55,
2905,2025-08-23,4,17,18,26,43,52,
2906,2025-08-26,17,33,37,41,46,49,
2907,2025-08-28,30,33,42,44,52,56,
2908,2025-08-30,20,35,36,37,38,50,
2909,2025-09-02,8,21,31,41,53,58,
2910,2025-09-04,3,4,11,15,28,29,
2911,2025-09-06,23,27,32,54,56,59,
2912,2025-09-09,9,25,37,41,51,59,
2913,2025-09-11,17,21,34,52,55,60,
2914,2025-09-13,18,25,35,40,46,47,
2915,2025-09-16,10,11,15,38,52,60,
2916,2025-09-18,5,11,16,27,40,45,
2917,2025-09-20,6,19,38,41,46,57,
2918,2025-09-23,11,27,31,41,48,54,
2919,2025-09-25,3,26,28,37,42,53,
2920,2025-09-27,8,12,16,19,31,58,
2921,2025-09-30,9,12,14,16,26,36,
2922,2025-10-02,4,23,30,39,40,41,
2923,2025-10-04,18,27,32,39,55,56,
2924,2025-10-07,10,19,30,40,48,54,
2925,2025-10-09,7,9,12,13,24,27,
2926,2025-10-11,3,4,14,35,45,49,
2927,2025-10-14,11,27,34,55,56,58,
2928,2025-10-16,14,24,29,32,46,48,
2929,2025-10-18,3,7,8,34,35,51,
2930,2025-10-21,1,11,13,14,36,45,
2931,2025-10-23,4,19,23,36,47,52,
2932,2025-10-25,4,13,25,36,40,53,
2933,2025-10-28,1,18,22,42,48,50,
2934,2025-10-30,9,17,23,26,33,59,
2935,2025-11-01,9,18,28,34,38,57,
2936,2025-11-04,4,7,9,15,29,32,
2937,2025-11-06,12,17,26,34,44,52,
2938,2025-11-08,10,14,15,35,44,56,
2939,2025-11-11,22,31,33,37,42,49,
2940,2025-11-14,7,8,9,13,22,53,
2941,2025-11-18,14,30,33,35,48,51,
2942,2025-11-22,12,30,40,46,54,60,
2943,2025-11-25,8,29,30,36,39,60,
2944,2025-11-27,8,15,23,39,40,59,
2945,2025-11-29,1,2,3,7,27,33,
2946,2025-12-02,4,13,17,21,49,54,
2947,2025-12-04,4,10,15,37,39,44,
2948,2025-12-06,6,24,37,52,53,58,
2949,2025-12-09,4,6,11,38,49,54,
2950,2025-12-11,21,23,42,49,50,60,
2951,2025-12-13,5,8,30,31,37,45,
2952,2025-12-16,1,20,45,48,51,58,
2953,2025-12-18,5,10,24,25,47,54,
2954,2025-12-20,1,9,37,39,42,44,
2955,2025-12-31,9,13,21,32,33,59,
2956,2026-01-06,10,18,21,24,43,47,
2957,2026-01-08,19,28,36,37,48,52,
2958,2026-01-10,7,9,14,35,42,49,
2959,2026-01-13,18,26,35,41,44,45,
2960,2026-01-15,3,13,15,16,46,47,
2961,2026-01-17,10,13,55,56,59,60,
2962,2026-01-20,6,29,33,38,53,56,
2963,2026-01-22,6,20,34,44,53,57,
2964,2026-01-24,3,9,15,17,30,60,
2965,2026-01-27,1,20,22,23,35,57,
2966,2026-01-29,6,7,9,43,44,53,
2967,2026-01-31,1,6,38,47,56,60,
2968,2026-02-03,10,11,22,26,36,46,
2969,2026-02-05,1,2,5,14,18,32,
2970,2026-02-07,22,32,37,41,42,59,
2971,2026-02-10,1,27,39,40,46,56,
2972,2026-02-12,9,10,15,46,49,51,
2973,2026-02-14,16,24,27,31,45,46,
2974,2026-02-19,3,10,12,19,37,40,
2975,2026-02-21,7,10,17,35,44,46,
2976,2026-02-24,7,9,10,21,28,43,
2977,2026-02-26,8,19,27,32,38,52,
2978,2026-02-28,6,9,13,20,42,50,
2979,2026-03-03,18,27,37,43,47,53,
2980,2026-03-05,3,14,27,33,43,45,
2981,2026-03-07,15,22,27,32,50,58,
2982,2026-03-10,2,35,41,46,49,58,
2983,2026-03-12,3,15,30,32,40,52,
2984,2026-03-14,6,11,15,28,42,60,
2985,2026-03-17,6,8,21,32,41,60,
2986,2026-03-19,1,5,13,26,41,53,
2987,2026-03-21,16,17,20,28,46,47,
2988,2026-03-24,21,23,28,36,57,58,
2989,2026-03-26,6,14,28,31,56,59,
2990,2026-03-28,6,14,18,29,30,44,
2991,2026-03-31,4,14,19,23,36,53,
2992,2026-04-04,4,17,23,33,36,49,
2993,2026-04-07,3,15,31,42,43,51,
2994,2026-04-09,1,10,23,31,40,55,
2995,2026-04-11,8,29,42,49,50,58,
2996,2026-04-14,7,9,27,38,49,52,
2997,2026-04-16,14,20,32,37,39,42,
2998,2026-04-18,15,18,28,31,52,58,
2999,2026-04-23,9,24,26,38,45,58,
3000,2026-04-25,22,23,36,40,52,60,
3001,2026-04-28,1,13,32,36,43,60,
3002,2026-04-30,4,27,51,52,54,58,
3003,2026-05-02,8,24,27,37,47,55,
3004,2026-05-05,1,5,7,22,50,59,
3005,2026-05-07,17,23,29,30,48,50,
3006,2026-05-09,25,42,45,48,50,60,
3007,2026-05-12,17,19,27,32,38,44,
3008,2026-05-14,11,12,14,20,42,44,
3009,2026-05-16,4,6,8,18,21,30,
3010,2026-05-24,3,30,33,35,45,47,
3011,2026-05-26,2,5,27,36,40,60,
3012,2026-05-28,5,7,17,41,42,49,
3013,2026-05-30,2,14,21,22,34,44,
3014,2026-06-02,27,30,35,40,44,58,
3015,2026-06-06,9,18,26,31,53,58,
3016,2026-06-09,11,19,33,52,55,60,
3017,2026-06-11,4,6,26,28,32,45,
3018,2026-06-14,5,6,17,27,57,58,
3019,2026-06-16,5,31,32,48,54,56,
3020,2026-06-18,6,9,17,27,29,45,
3021,2026-06-20,16,19,22,24,46,58,
3022,2026-06-23,2,3,8,11,17,22,
3023,2026-06-25,22,25,30,31,39,60,
3024,2026-06-27,13,39,42,44,47,49,
3025,2026-06-30,7,14,16,21,33,58,
3026,2026-07-02,14,19,42,45,48,54,
3027,2026-07-04,6,15,16,24,34,47,
3028,2026-07-07,2,10,11,25,51,56,
3029,2026-07-09,1,11,24,33,35,59,
3030,2026-07-11,6,11,25,45,48,58,
3031,2026-07-14,20,28,32,35,40,54,
3032,2026-07-16,8,12,23,27,42,43,
3033,2026-07-19,18,21,23,43,55,58,
3034,2026-07-21,8,28,30,37,39,60,
3035,2026-07-23,5,7,17,51,56,59,
3036,2026-07-26,5,12,21,33,43,50,
3037,2026-07-28,2,11,22,30,51,54,
3038,2026-07-30,30,35,38,39,46,50,
3039,2026-08-02,14,16,21,39,53,58,
3040,2026-08-04,3,16,24,30,49,54,
3041,2026-08-06,16,21,24,31,43,54,
3042,2026-08-09,2,5,10,35,40,53,
3043,2026-08-11,10,11,16,37,42,53,
3044,2026-08-13,4,15,17,40,55,58,
3045,2026-08-16,23,29,33,42,43,57,
3046,2026-08-18,16,23,24,33,36,52,
3047,2026-08-20,4,18,22,26,31,58,
3048,2026-08-23,2,6,27,39,44,50,
3049,2026-08-25,6,13,36,43,53,55,
3050,2026-08-27,11,14,30,38,49,55,
3051,2026-08-30,11,15,20,21,38,48,
3052,2026-09-01,16,30,40,47,48,60,
3053,2026-09-03,1,13,25,35,39,51,
3054,2026-09-06,8,17,24,43,47,58,
3055,2026-09-08,1,11,36,43,48,49,
3056,2026-09-10,14,21,25,40,51,56,
